sport,pt,fills,games,usd,avg_price,won_pct,edge_pts,roi,ci_lo,ci_hi
tennis,50,66617,1388,10979618.0,0.5011890530586243,0.5054746270179749,0.004285573959350586,-0.008284190956846354,-0.09007549495385889,0.07573218768036759
tennis,51,45644,1353,8944426.0,0.5117287635803223,0.46010398864746094,-0.05162477493286133,-0.11575489303558838,-0.2927921374995936,0.06152036840052511
tennis,52,100308,1431,14831176.0,0.52489173412323,0.5747652053833008,0.0498734712600708,0.07819323836688798,-0.037005900548414114,0.20242430049020843
tennis,53,23149,1357,3928256.25,0.5368276834487915,0.6147091388702393,0.07788145542144775,0.126894304229592,-0.028257963147566168,0.266843015785784
tennis,54,46130,1457,8791312.0,0.5419890284538269,0.5460190773010254,0.004030048847198486,-0.008809439239958559,-0.11654916218483022,0.09956247104893794
tennis,55,56516,1497,10076190.0,0.5524666905403137,0.5134291052818298,-0.03903758525848389,-0.08490332710137084,-0.19280586671015187,0.024009244651645327
tennis,56,58092,1535,10581884.0,0.5621415972709656,0.5712584257125854,0.009116828441619873,0.0015006009375663914,-0.11249502071722436,0.11097814190572003
tennis,57,51199,1559,10156238.0,0.5719821453094482,0.5478156208992004,-0.024166524410247803,-0.057170199303453885,-0.16232247648600312,0.039348687756282585
tennis,58,92364,1617,17183386.0,0.5853366851806641,0.5477069616317749,-0.03762972354888916,-0.07850137795069116,-0.18230699236972608,0.0204581534962668
tennis,59,17929,1497,4442922.0,0.595667839050293,0.5375111103057861,-0.058156728744506836,-0.11074224181713076,-0.2232710743818321,0.009710066336645454
tennis,60,69284,1634,13604222.0,0.6016678214073181,0.5863125324249268,-0.015355288982391357,-0.038800125670807824,-0.18209427243530116,0.10099873847917601
tennis,61,55485,1630,11670098.0,0.6117625832557678,0.6102803349494934,-0.001482248306274414,-0.014586861522531793,-0.1266712665861756,0.09732700416585173
tennis,62,51306,1651,11114606.0,0.6217737197875977,0.6161959171295166,-0.005577802658081055,-0.02133763142930576,-0.1355798780483821,0.08466977390436356
tennis,63,45675,1636,10614109.0,0.632282018661499,0.6592540144920349,0.02697199583053589,0.0303573491730988,-0.06645789219102101,0.12374739905707452
tennis,64,55763,1669,9382231.0,0.6420790553092957,0.6152988076210022,-0.026780247688293457,-0.053223966858481526,-0.15131173718744304,0.037910027354825675
tennis,65,49671,1709,8798898.0,0.6524472832679749,0.6098135113716125,-0.042633771896362305,-0.0758598970632689,-0.16416335139713256,0.005288727060125701
tennis,66,63247,1734,9985545.0,0.6626017689704895,0.6806802153587341,0.01807844638824463,0.01585048129028205,-0.06320291218081746,0.09289156138216798
tennis,67,41073,1724,10699408.0,0.6721959114074707,0.636353611946106,-0.035842299461364746,-0.0632962805813987,-0.20490451861299763,0.059722962720870264
tennis,68,45081,1745,9679682.0,0.6820480823516846,0.662476122379303,-0.019571959972381592,-0.03890674142909915,-0.1482204503354112,0.06271258088053058
tennis,69,40057,1749,10567580.0,0.6919512152671814,0.6667361855506897,-0.0252150297164917,-0.04607875385493203,-0.15805322424865392,0.056656179557691304
tennis,70,49714,1781,9650913.0,0.7019162774085999,0.7087807655334473,0.006864488124847412,0.00017305464825948297,-0.08272433080581294,0.07712741392140968
tennis,71,41997,1780,8574739.0,0.7120461463928223,0.7105597853660583,-0.001486361026763916,-0.010874085826123422,-0.10102354989891049,0.0792835542303087
tennis,72,51703,1821,9316441.0,0.722082793712616,0.7277328372001648,0.005650043487548828,-0.0009605936169172371,-0.07362845352927189,0.06608523487704678
tennis,73,36751,1796,9632970.0,0.7319448590278625,0.7483287453651428,0.016383886337280273,0.014329579423122314,-0.08265425943155413,0.09582075442456549
tennis,74,36884,1826,9657961.0,0.7417715787887573,0.75554358959198,0.013772010803222656,0.010416234404243316,-0.0844852373275656,0.08467955587294913
tennis,75,47022,1854,8775292.0,0.7519020438194275,0.7731671929359436,0.021265149116516113,0.02019519708561265,-0.03835731506141429,0.06942680354136434
tennis,76,34220,1837,8638420.0,0.7619698643684387,0.7101795077323914,-0.05179035663604736,-0.07525170171601257,-0.21391293658577246,0.0338872256485613
tennis,77,37898,1854,9603915.0,0.7719430923461914,0.7832796573638916,0.011336565017700195,0.007117657596095006,-0.08611231176847403,0.09192731885667085
tennis,78,38554,1856,10477943.0,0.7822343707084656,0.7897611260414124,0.007526755332946777,0.0022983086038027545,-0.11834352297678885,0.09289410326994327
tennis,79,33939,1854,11097332.0,0.7916420698165894,0.7864643335342407,-0.005177736282348633,-0.012990353259642196,-0.19029414070134973,0.10854392135147264
tennis,80,44448,1893,10754368.0,0.8014451265335083,0.856200635433197,0.05475550889968872,0.06150083664362942,-0.0038767767749846916,0.11044320733525015
tennis,81,34158,1855,12664540.0,0.811665952205658,0.8725081086158752,0.060842156410217285,0.06807385935082085,-0.022966986198483568,0.12557301896291093
tennis,82,37316,1873,17694000.0,0.8211082816123962,0.922484278678894,0.1013759970664978,0.11667642029347701,0.03402806891696494,0.15609435327085974
tennis,83,30950,1839,11068435.0,0.8315176367759705,0.8650542497634888,0.03353661298751831,0.03524110407566355,-0.05621877740427788,0.09746130960549981
tennis,84,34934,1907,8460937.0,0.8420013785362244,0.8208152651786804,-0.021186113357543945,-0.029975123720327474,-0.08656489856145658,0.024670833328233718
tennis,85,37009,1902,9540746.0,0.851901113986969,0.8585009574890137,0.006599843502044678,0.0032249443476837073,-0.048611532523523904,0.04825061502645893
tennis,86,30000,1852,10686154.0,0.861672043800354,0.9004043936729431,0.03873234987258911,0.040634155659730414,-0.024316688746124252,0.0876336753249242
tennis,87,32366,1869,9329462.0,0.8717208504676819,0.9048700928688049,0.03314924240112305,0.03388943625559623,-0.008976746683177283,0.06878546740828108
tennis,88,31193,1864,10246500.0,0.8815284371376038,0.9300113320350647,0.04848289489746094,0.05092865695479491,0.020555649417111646,0.07582876254709577
tennis,89,27782,1859,9763845.0,0.8918086290359497,0.8689776659011841,-0.022830963134765625,-0.028987795892077985,-0.10848237681046652,0.03755436120212033
tennis,90,34408,1899,10753871.0,0.9014056324958801,0.8536047339439392,-0.04780089855194092,-0.055829890981343756,-0.15790558563564683,0.02367721569598036
tennis,91,45047,1889,9251238.0,0.911721408367157,0.8820287585258484,-0.029692649841308594,-0.035257845658570326,-0.10225879888132412,0.01860881273295455
tennis,92,35187,1891,10670021.0,0.9217314720153809,0.8413445353507996,-0.0803869366645813,-0.08951337150425183,-0.23678931294118247,0.011628641518506436
tennis,93,31687,1850,10453172.0,0.9317384958267212,0.9260425567626953,-0.005695939064025879,-0.008142174055920218,-0.05092442638011348,0.0246962571122483
tennis,94,29208,1844,10445399.0,0.9420275688171387,0.9336413145065308,-0.00838625431060791,-0.01071319446343863,-0.04858845276383933,0.019455787552582794
tennis,95,30521,1868,9744959.0,0.9522209167480469,0.9348421096801758,-0.017378807067871094,-0.019673947195585993,-0.05835694534830533,0.011449266344013154
tennis,96,28076,1813,11482254.0,0.963115930557251,0.9507229924201965,-0.012392938137054443,-0.013954847920216422,-0.044752040007065806,0.009647321071015595
tennis,97,27498,1820,12558774.0,0.9741473197937012,0.9620252847671509,-0.012122035026550293,-0.013222278320658828,-0.04313287371355025,0.011378434450824131
tennis,98,24793,1889,11590151.0,0.9832155704498291,0.9645244479179382,-0.01869112253189087,-0.01952799591670237,-0.05224617645406958,0.0038260702757794466
tennis,99,11669,1777,5774454.0,0.9906851649284363,0.9859029054641724,-0.004782259464263916,-0.005085237014959356,-0.018626174898980226,0.0047277585806870396
esports,50,108948,1993,20167864.0,0.5006557106971741,0.5288840532302856,0.028228342533111572,0.04201370591112096,-0.03392855673989401,0.11852038759928259
esports,51,73884,1926,13392384.0,0.5117979049682617,0.4968157708644867,-0.014982134103775024,-0.04290620667954057,-0.13080374642742051,0.04193426080892244
esports,52,157583,2047,27416026.0,0.5256292819976807,0.47641974687576294,-0.049209535121917725,-0.10569720583436677,-0.21604482411484371,-0.003326228883211837
esports,53,35770,1941,5311742.0,0.5368886590003967,0.5067962408065796,-0.03009241819381714,-0.06957838509737152,-0.21059380545556,0.07359001277094633
esports,54,75435,2068,15000705.0,0.5420334339141846,0.5480967164039612,0.006063282489776611,-0.0019470492527404618,-0.097724480947249,0.09055165626841333
esports,55,91566,2124,18887990.0,0.5518137812614441,0.514333188533783,-0.03748059272766113,-0.07973622367231901,-0.19227305559942845,0.03097245397982603
esports,56,91362,2144,18227628.0,0.5614161491394043,0.535280168056488,-0.02613598108291626,-0.0586344977328139,-0.1571533697770556,0.041013283406243356
esports,57,83991,2173,16910990.0,0.5717070698738098,0.5414543747901917,-0.030252695083618164,-0.06473653415380715,-0.16645065169401005,0.0343229127511254
esports,58,143955,2275,27992924.0,0.5850706696510315,0.5711787939071655,-0.013891875743865967,-0.03626397275392768,-0.1503375057365158,0.06730737811546274
esports,59,29225,2109,6174897.0,0.5953550338745117,0.6115280985832214,0.016173064708709717,0.014380679406079339,-0.10350703989793528,0.1318500695423392
esports,60,99388,2312,19951908.0,0.6014916896820068,0.6314496994018555,0.029958009719848633,0.039253763619947014,-0.06251358970679285,0.13735509405848756
esports,61,76782,2307,15639556.0,0.611694872379303,0.6472066044807434,0.03551173210144043,0.04563519751620158,-0.046469599911537034,0.13061426448927485
esports,62,76025,2355,16433308.0,0.6214186549186707,0.6972196698188782,0.07580101490020752,0.10935726437299954,0.02036011654544875,0.18789906456502722
esports,63,74758,2341,18292604.0,0.6316198110580444,0.7117122411727905,0.0800924301147461,0.11390745931216412,0.008937645362326174,0.2070103451635908
esports,64,90712,2390,18289632.0,0.6415759325027466,0.7029314637184143,0.061355531215667725,0.08535339760749841,-0.0019965829668840552,0.16206196456321842
esports,65,82587,2441,18328500.0,0.6515803337097168,0.6300523281097412,-0.021528005599975586,-0.0420486730446201,-0.1398015186597446,0.05044981125996238
esports,66,98559,2470,17446398.0,0.6620747447013855,0.7113509774208069,0.04927623271942139,0.06532502234733867,-0.011720594994037176,0.13587475255637432
esports,67,62591,2465,14888980.0,0.6715176701545715,0.7235643267631531,0.05204665660858154,0.06723253003919191,0.0031763035970214064,0.12945319689603974
esports,68,71044,2478,16136442.0,0.6815106868743896,0.7345197796821594,0.053009092807769775,0.06700141287926493,-0.025431715967066417,0.14589609086419664
esports,69,65491,2491,14331049.0,0.6917955279350281,0.7321395874023438,0.040344059467315674,0.048971680590056084,-0.022391807319907503,0.10880360949541286
esports,70,76547,2544,14245802.0,0.7014299631118774,0.7343396544456482,0.03290969133377075,0.037882170657045015,-0.03542492636967836,0.10673192119468511
esports,71,64857,2509,13487664.0,0.7116823792457581,0.6967612504959106,-0.014921128749847412,-0.02898366023860441,-0.10827583049936285,0.04510108448972595
esports,72,74001,2580,14539352.0,0.7218759655952454,0.7743968367576599,0.05252087116241455,0.06428196227400726,-0.011207566417014996,0.12743489645402192
esports,73,56560,2545,14288023.0,0.7320356369018555,0.793548583984375,0.06151294708251953,0.07647979194987925,0.001726722762620442,0.14329311421902724
esports,74,57166,2538,15729042.0,0.7418932318687439,0.7718452215194702,0.02995198965072632,0.03332466478694444,-0.044408133583640215,0.09851019124434078
esports,75,73335,2616,15510855.0,0.7514867782592773,0.701694667339325,-0.04979211091995239,-0.07244932202085648,-0.15337720698466625,0.0029205008384048164
esports,76,51929,2543,12666624.0,0.7618785500526428,0.7034237384796143,-0.058454811573028564,-0.08333871160168682,-0.19357865608110938,0.01763406645197578
esports,77,54360,2555,11859882.0,0.7719003558158875,0.7656840085983276,-0.0062163472175598145,-0.014782082630594058,-0.07901018111734241,0.04592146577946686
esports,78,54796,2611,11813619.0,0.7819001078605652,0.7749598026275635,-0.006940305233001709,-0.014707924876934888,-0.09965828357264923,0.057707159232227266
esports,79,48071,2585,10943620.0,0.7921004891395569,0.7927228808403015,0.0006223917007446289,-0.0044176994159169335,-0.07421066247027228,0.05476791402898535
esports,80,59113,2668,12627812.0,0.8015751242637634,0.8247781991958618,0.02320307493209839,0.023296854407384965,-0.03223904896001012,0.07180191531487269
esports,81,44692,2560,11025930.0,0.8118916153907776,0.8753275275230408,0.06343591213226318,0.07331499168683238,0.027226558410567057,0.11286736441413713
esports,82,48107,2618,10852520.0,0.8218408226966858,0.8286558389663696,0.006815016269683838,0.0038863979610253034,-0.05100394530743439,0.052476037231764285
esports,83,42528,2574,10399166.0,0.8322238326072693,0.8226461410522461,-0.009577691555023193,-0.015499078827201982,-0.08225161651937452,0.042080473464876755
esports,84,48430,2633,10674847.0,0.8421465158462524,0.8471624255180359,0.005015909671783447,0.0018668578683637244,-0.06505257540931936,0.05428827239483766
esports,85,49294,2694,10946608.0,0.8518603444099426,0.8661388158798218,0.01427847146987915,0.013014803732652352,-0.02798483772376688,0.04861645175138365
esports,86,40448,2592,10819667.0,0.8618835210800171,0.8055351376533508,-0.05634838342666626,-0.06893230731832617,-0.15375498384255645,0.010824788801306842
esports,87,44167,2633,11699272.0,0.8718302249908447,0.8166366219520569,-0.05519360303878784,-0.0663395888722792,-0.20999773437962477,0.030300251140029665
esports,88,40397,2615,10829717.0,0.8818318843841553,0.8663493990898132,-0.015482485294342041,-0.02045520713589171,-0.10513065003047238,0.03908880191744296
esports,89,38211,2628,11182921.0,0.8924198746681213,0.9120055437088013,0.01958566904067993,0.01932326704299097,-0.019640280711304803,0.04930153598422157
esports,90,42850,2686,11219142.0,0.9016852378845215,0.9308052062988281,0.02911996841430664,0.029375845063965685,0.0038517209491830072,0.050143909394404454
esports,91,37248,2563,8921927.0,0.9121330976486206,0.9112301468849182,-0.0009029507637023926,-0.0033887164263332894,-0.04516279140181,0.02927302903148421
esports,92,32776,2568,8974448.0,0.9221625328063965,0.903813898563385,-0.018348634243011475,-0.021959095201230704,-0.06287633539009531,0.014749829937676007
esports,93,33897,2560,8509076.0,0.9322952628135681,0.939755380153656,0.007460117340087891,0.00618323413071924,-0.017296468389583614,0.02686622557482038
esports,94,32135,2560,10633496.0,0.9426536560058594,0.9404712915420532,-0.0021823644638061523,-0.003579398693748385,-0.03994208905643443,0.023729979713503248
esports,95,33486,2573,10308638.0,0.9521707892417908,0.9422928690910339,-0.009877920150756836,-0.011594422287325103,-0.0419236085521527,0.01186142535104806
esports,96,29346,2496,9639032.0,0.9637864232063293,0.9533127546310425,-0.010473668575286865,-0.011787307428513718,-0.04451882334153489,0.01504056942187939
esports,97,26769,2508,10542645.0,0.9737774729728699,0.9591976404190063,-0.014579832553863525,-0.01563584427971162,-0.044500432956404656,0.007749003663045577
esports,98,27581,2692,17308500.0,0.9851359724998474,0.982204794883728,-0.0029311776161193848,-0.0033252678952706413,-0.015386450393680869,0.006345240579146678
esports,99,18448,2381,13116616.0,0.9906302094459534,0.9888337254524231,-0.0017964839935302734,-0.00201630003683927,-0.01214276514724317,0.005970507854915559
basketball,50,129049,1575,29500068.0,0.5006880760192871,0.48267996311187744,-0.018008112907409668,-0.03892391587822786,-0.1301555795966025,0.05573049614357328
basketball,51,93039,1520,20291712.0,0.5111627578735352,0.4611862301826477,-0.04997652769088745,-0.1005993189196532,-0.22208470750622367,0.02351752970642464
basketball,52,209611,1628,43779204.0,0.5254250168800354,0.5288797616958618,0.003454744815826416,0.0036919437849342444,-0.11039272279654326,0.11758254305374463
basketball,53,48540,1538,6464795.5,0.5371156930923462,0.43250757455825806,-0.10460811853408813,-0.19741602987976214,-0.3484341402327792,-0.04488935859829839
basketball,54,105709,1636,29212452.0,0.5412142872810364,0.5039674043655396,-0.037246882915496826,-0.07289717452916085,-0.26385789228893963,0.11139554453755102
basketball,55,115776,1696,28206340.0,0.5509545207023621,0.5115561485290527,-0.039398372173309326,-0.07503115452887531,-0.22131756873677894,0.07429770020197396
basketball,56,129355,1712,27913782.0,0.5608841776847839,0.5898475646972656,0.02896338701248169,0.04788925055606849,-0.090473375295787,0.17185221582403915
basketball,57,123785,1738,28834008.0,0.5709637403488159,0.5941381454467773,0.023174405097961426,0.03719117061038174,-0.10966126962019523,0.17291357953992606
basketball,58,200620,1809,44257552.0,0.5846571326255798,0.5517904162406921,-0.032866716384887695,-0.060113872578046734,-0.17856432005225933,0.050723876342578515
basketball,59,31685,1691,6664264.5,0.5944460034370422,0.5703484416007996,-0.024097561836242676,-0.043646265750024595,-0.1438998128445968,0.06331720633597422
basketball,60,141013,1835,27636528.0,0.6008236408233643,0.6092195510864258,0.008395910263061523,0.009982556329055443,-0.1075501639705953,0.1237488610732173
basketball,61,119350,1848,28590060.0,0.6111965775489807,0.5565337538719177,-0.05466282367706299,-0.09239022849047908,-0.22178692293665106,0.02846854427505876
basketball,62,99403,1885,27878436.0,0.6213899254798889,0.5703074336051941,-0.051082491874694824,-0.08489571519309226,-0.22268887980017313,0.051244695243086426
basketball,63,88045,1880,23651252.0,0.6312539577484131,0.5690654516220093,-0.06218850612640381,-0.10011127418196186,-0.21591687794628456,0.01813523442464854
basketball,64,118590,1932,25846726.0,0.6410555839538574,0.5909801721572876,-0.050075411796569824,-0.08000408992407065,-0.2453666162613657,0.07665323996262119
basketball,65,113098,1956,24340648.0,0.6512025594711304,0.6466515064239502,-0.004551053047180176,-0.01023344203862472,-0.12629850831196354,0.09279744382743868
basketball,66,133545,1995,26994008.0,0.6620429158210754,0.6505916714668274,-0.011451244354248047,-0.020020012298355493,-0.13003260686879242,0.08567111411754126
basketball,67,98302,1972,26097610.0,0.6710991263389587,0.6460303664207458,-0.02506875991821289,-0.03932981854403515,-0.1667504748529223,0.0795327640626224
basketball,68,123045,2014,31477140.0,0.6808090209960938,0.5794712901115417,-0.101337730884552,-0.15132442795647139,-0.29529501370641037,-0.003999946600109538
basketball,69,95227,2024,30292052.0,0.6910619735717773,0.7146193981170654,0.023557424545288086,0.03106285934899578,-0.06822315209332958,0.12088759858159598
basketball,70,123010,2065,33189122.0,0.7007653117179871,0.7202767133712769,0.019511401653289795,0.025409327657053987,-0.07451952205083973,0.1173973983388715
basketball,71,89641,2042,21019608.0,0.7111884951591492,0.7096476554870605,-0.001540839672088623,-0.004347410008414601,-0.09205081461661868,0.07927476180383947
basketball,72,104920,2082,23083260.0,0.7210791707038879,0.7343631982803345,0.013284027576446533,0.01632461068734184,-0.10465227535109425,0.11734534443551105
basketball,73,78754,2067,26042508.0,0.7309728860855103,0.7486072182655334,0.017634332180023193,0.02207144572304734,-0.09337962275918246,0.11915810564776569
basketball,74,78473,2046,28606436.0,0.7410895228385925,0.8374201059341431,0.09633058309555054,0.1274703999769622,0.05665671259114688,0.18576422686143892
basketball,75,99236,2141,23810384.0,0.7510480880737305,0.7943620085716248,0.04331392049789429,0.0560718926326358,-0.017602019801995515,0.11998944105880552
basketball,76,78020,2073,26171220.0,0.7609089612960815,0.7476844191551208,-0.013224542140960693,-0.019322513197156114,-0.14273681925690052,0.08226041759324425
basketball,77,80063,2105,23727468.0,0.7712401747703552,0.7764784097671509,0.005238234996795654,0.004683927784626929,-0.07732842157040945,0.07817913673210794
basketball,78,82571,2117,26296248.0,0.7812527418136597,0.8134375810623169,0.03218483924865723,0.038924096602707396,-0.0483587849077542,0.11244729043708296
basketball,79,68784,2119,21365424.0,0.7913936376571655,0.7814122438430786,-0.009981393814086914,-0.014316783225193034,-0.10207398472001449,0.05851570032618134
basketball,80,90315,2222,23588780.0,0.8010610342025757,0.7839771509170532,-0.01708388328552246,-0.02273613777683085,-0.10584164605312962,0.04848549232101476
basketball,81,69312,2123,21699332.0,0.8111683130264282,0.7919297218322754,-0.019238591194152832,-0.02483384459734076,-0.10812400787124585,0.04859461080484463
basketball,82,80357,2166,21972600.0,0.8213578462600708,0.7689462304115295,-0.05241161584854126,-0.06502180794781157,-0.15403961336103264,0.014863242122534122
basketball,83,68156,2170,22452316.0,0.8312665820121765,0.8026284575462341,-0.028638124465942383,-0.03539932162830644,-0.11218017306825182,0.03386001541055373
basketball,84,75103,2168,23185160.0,0.8414002656936646,0.7907002568244934,-0.05070000886917114,-0.06112904146591249,-0.17872666746897065,0.034771526745311254
basketball,85,80019,2260,23737394.0,0.8512149453163147,0.796524167060852,-0.054690778255462646,-0.06540668034774508,-0.19494576569622743,0.039858886256386755
basketball,86,56488,2143,21873124.0,0.8610948324203491,0.8763402700424194,0.015245437622070312,0.016673660771165402,-0.039853002513704806,0.06458698650947638
basketball,87,62818,2179,18692816.0,0.8715019822120667,0.8696967363357544,-0.0018052458763122559,-0.003412139576759346,-0.05952124865638493,0.044010961663109596
basketball,88,59570,2205,19390770.0,0.8816012144088745,0.8174028396606445,-0.06419837474822998,-0.07401230107390264,-0.18364507589149615,0.013861818759629656
basketball,89,56344,2186,22224400.0,0.8915928602218628,0.8183994293212891,-0.07319343090057373,-0.08285493783927164,-0.17023320709335882,-0.008666203705643402
basketball,90,62129,2292,22068684.0,0.9014109969139099,0.8612661361694336,-0.04014486074447632,-0.04537740663477507,-0.12026845981364573,0.019065954689064125
basketball,91,60457,2169,18818884.0,0.9115955829620361,0.9057099223136902,-0.005885660648345947,-0.007205643747707664,-0.04379506363324337,0.02251581513910039
basketball,92,50226,2204,17894378.0,0.9218869209289551,0.8977248668670654,-0.02416205406188965,-0.02690629670193215,-0.08299011206622751,0.01852226352161392
basketball,93,50821,2188,17528584.0,0.932178795337677,0.9194496273994446,-0.012729167938232422,-0.014406270059061066,-0.05136663054779929,0.01746843665179724
basketball,94,46469,2214,18594752.0,0.9422765970230103,0.9447893500328064,0.0025127530097961426,0.0021050261762240335,-0.02859834438089197,0.025403675102593684
basketball,95,47349,2273,21453006.0,0.9518770575523376,0.9319333434104919,-0.019943714141845703,-0.021462384604418464,-0.09241007959416415,0.022334001962199004
basketball,96,40466,2249,19420888.0,0.9630649089813232,0.969016432762146,0.005951523780822754,0.0057547490031969115,-0.010326790262744951,0.019023382070652517
basketball,97,43122,2297,20886304.0,0.9734137654304504,0.9679960608482361,-0.0054177045822143555,-0.005848198000156132,-0.02566866959956245,0.009401281002563858
basketball,98,48543,2429,33752740.0,0.9847775101661682,0.9864668846130371,0.0016893744468688965,0.0015859259248312176,-0.00508482307898864,0.007288706261676799
basketball,99,45229,2344,31682476.0,0.9911813735961914,0.9891868233680725,-0.0019945502281188965,-0.002087907749802714,-0.01136171804721629,0.004851758921795657
american_football,50,22440,488,9619118.0,0.5004681944847107,0.48767146468162537,-0.012796729803085327,-0.026357133684912878,-0.19339750212385465,0.14557195259515057
american_football,51,16877,457,7031538.0,0.5109570622444153,0.5754654407501221,0.06450837850570679,0.12609550342663914,-0.09580962405443601,0.34576062554733694
american_football,52,37224,500,19508796.0,0.5256684422492981,0.4680849611759186,-0.05758348107337952,-0.11077951009680534,-0.3738967523150682,0.16739372102321884
american_football,53,7066,452,1518887.0,0.537442684173584,0.6142112612724304,0.07676857709884644,0.14204144884659362,-0.12765085917861838,0.37154122408562984
american_football,54,15658,497,9261118.0,0.5408657193183899,0.4541459381580353,-0.08671978116035461,-0.16182409447619214,-0.4819236688245856,0.2318115205020107
american_football,55,18855,511,10625224.0,0.551131010055542,0.5557007789611816,0.0045697689056396484,0.0016639053841626655,-0.3565216015019334,0.2961239220271985
american_football,56,20634,514,12217923.0,0.5606406927108765,0.5623429417610168,0.0017022490501403809,-0.0009716687620668228,-0.3099353521649599,0.31038732618971104
american_football,57,18132,524,9436628.0,0.5708221197128296,0.6126310229301453,0.041808903217315674,0.07254846181319863,-0.1337392369301769,0.26518986723370824
american_football,58,29953,553,14324844.0,0.5850375294685364,0.5980091691017151,0.012971639633178711,0.02066652037443037,-0.18869555674432098,0.22114236705354468
american_football,59,5726,492,1889508.0,0.5949832797050476,0.6558648943901062,0.060881614685058594,0.10132009797854821,-0.17721195332874262,0.29839086061010983
american_football,60,19975,565,9755113.0,0.6008955240249634,0.5517339706420898,-0.049161553382873535,-0.08215720673315938,-0.31523089234664686,0.146522653342585
american_football,61,20048,546,11678589.0,0.6108534336090088,0.5806930661201477,-0.030160367488861084,-0.04980593882241261,-0.32472113113694406,0.20690838044843501
american_football,62,19433,567,11462465.0,0.6207888722419739,0.6568043828010559,0.03601551055908203,0.05719732920349677,-0.26144154319007556,0.30184539379494757
american_football,63,18404,561,9924770.0,0.6307251453399658,0.6251142621040344,-0.0056108832359313965,-0.009286392627784293,-0.24761331828658822,0.2227553700936672
american_football,64,22192,579,13100478.0,0.6411960124969482,0.7115274667739868,0.07033145427703857,0.10900949792007134,-0.15266518291867365,0.31492501271841034
american_football,65,20119,598,11554972.0,0.6509436964988708,0.6710465550422668,0.020102858543395996,0.03037437491709161,-0.2476525662213291,0.23990395574291729
american_football,66,22854,608,9737649.0,0.6613627076148987,0.6692265868186951,0.007863879203796387,0.01186818802799467,-0.27022828002549293,0.2389882356188044
american_football,67,12844,587,6323382.0,0.6709643602371216,0.5033984780311584,-0.16756588220596313,-0.25062870202273674,-0.460939685612697,-0.00013816733410773764
american_football,68,17638,610,9558488.0,0.6807075142860413,0.73152095079422,0.05081343650817871,0.07425535507751149,-0.3651346317438613,0.3046364026044795
american_football,69,15855,600,9754352.0,0.6910465359687805,0.7121102213859558,0.021063685417175293,0.028744760927198073,-0.2879969302745368,0.24404130312715364
american_football,70,22145,629,12580206.0,0.7011767625808716,0.8295271992683411,0.12835043668746948,0.17689543864310453,-0.10022679802538105,0.30975244908957783
american_football,71,15553,618,8939014.0,0.7109583020210266,0.6641014218330383,-0.04685688018798828,-0.06841253075049267,-0.2929266290901445,0.12000204169382275
american_football,72,15296,630,6796730.0,0.7211729288101196,0.7944145202636719,0.07324159145355225,0.10041084025184475,-0.05099761348077372,0.21563792946535293
american_football,73,11017,636,6325389.5,0.730914831161499,0.7447257041931152,0.013810873031616211,0.01819206020045128,-0.23868781537446096,0.21545400213689092
american_football,74,11893,639,8011517.5,0.7408434748649597,0.8755912780761719,0.13474780321121216,0.18135642280314865,0.04969161424472534,0.25762253338584595
american_football,75,16938,661,10875046.0,0.7506418824195862,0.7925024032592773,0.04186052083969116,0.05532412542177728,-0.14476658769512266,0.20279298603735832
american_football,76,13583,637,8913944.0,0.7611981630325317,0.6947587728500366,-0.06643939018249512,-0.0876167803136236,-0.32290251036157247,0.11251447777296882
american_football,77,13326,634,9539860.0,0.7713685631752014,0.7642645835876465,-0.007103979587554932,-0.009743764206401778,-0.20388600087333097,0.13790167213107962
american_football,78,14046,656,8510092.0,0.7808399796485901,0.7732619047164917,-0.007578074932098389,-0.010112700391748344,-0.19660214277396004,0.12911389196129439
american_football,79,12577,629,8853878.0,0.7914260625839233,0.6813488602638245,-0.11007720232009888,-0.13952618632707264,-0.34309482411997144,0.049511178040211594
american_football,80,15096,671,7624294.5,0.8008554577827454,0.6612804532051086,-0.13957500457763672,-0.17448691973487915,-0.3474679000247879,0.00030290271205288456
american_football,81,10713,616,7368396.0,0.8112956881523132,0.6660577058792114,-0.1452379822731018,-0.17921215537271581,-0.4139233224730892,0.046853985181261305
american_football,82,13317,643,7383557.5,0.8212427496910095,0.7895772457122803,-0.03166550397872925,-0.03895325816228609,-0.21465729343960951,0.09716080093272414
american_football,83,8623,629,5743957.0,0.8313796520233154,0.890670120716095,0.05929046869277954,0.07100689591845294,-0.00974103812400673,0.13121806165674915
american_football,84,9668,652,4150009.5,0.8421695232391357,0.7860264182090759,-0.056143105030059814,-0.06731062827086497,-0.16611051551658584,0.026696989672987503
american_football,85,9094,662,5613421.0,0.8509478569030762,0.869429886341095,0.0184820294380188,0.02135652553272863,-0.1339555502430549,0.11592062292956315
american_football,86,8928,609,6731577.0,0.8610013723373413,0.9491188526153564,0.08811748027801514,0.10211376172583983,0.044554451859406215,0.1355747645901146
american_football,87,8690,645,5559972.0,0.870956301689148,0.8987556099891663,0.02779930830001831,0.031706879248588116,-0.06961320858320369,0.10086710496571766
american_football,88,10692,650,6864035.0,0.8810580968856812,0.9419957995414734,0.060937702655792236,0.06901176388422943,0.011459089819156866,0.10616376829492404
american_football,89,7459,634,5875912.0,0.8911859393119812,0.943759560585022,0.05257362127304077,0.058678648714628835,0.004471698553480622,0.092005834486553
american_football,90,8281,642,5797744.0,0.9010864496231079,0.9454553127288818,0.044368863105773926,0.04894786252747452,0.00018787656931097598,0.08410300059564425
american_football,91,7413,655,5024945.5,0.9112759828567505,0.9315200448036194,0.020244061946868896,0.022182689844471516,-0.0343260934034415,0.06163630088709553
american_football,92,7253,646,4486384.0,0.9216514229774475,0.8444010019302368,-0.0772504210472107,-0.08407260462854126,-0.20619762104841866,0.024741033886883528
american_football,93,7362,653,4771071.0,0.932383120059967,0.9489586353302002,0.016575515270233154,0.01752904607049056,-0.028935792917697652,0.04905025771649417
american_football,94,6561,671,4756942.5,0.942520022392273,0.9743609428405762,0.03184092044830322,0.03350306240444791,0.012918263792643997,0.04919351265518953
american_football,95,7014,686,5085886.0,0.9518259167671204,0.9473897814750671,-0.004436135292053223,-0.005045423432971884,-0.0715504917353166,0.0370042658335703
american_football,96,6660,684,4493935.0,0.9634260535240173,0.9660624861717224,0.002636432647705078,0.002607644102545415,-0.03612501634578694,0.029461983180705056
american_football,97,6076,716,4476477.0,0.9737259745597839,0.9833851456642151,0.009659171104431152,0.009880807786734447,-0.006437643226163353,0.02130181827219323
american_football,98,6922,753,7753343.5,0.984237551689148,0.9922642111778259,0.008026659488677979,0.008119794898494506,-0.0006821473401007603,0.013958190169612653
american_football,99,5581,724,7205277.0,0.9908174276351929,0.9924919605255127,0.0016745328903198242,0.0016651272057257404,-0.007344711742487768,0.007576958870574244
soccer,50,180997,1885,48709012.0,0.5007094144821167,0.4944615066051483,-0.006247907876968384,-0.024114802947074302,-0.18984349918011217,0.14359651451021538
soccer,51,133825,1811,43626968.0,0.5109122395515442,0.5365726351737976,0.025660395622253418,0.03750730169235248,-0.14285232363711184,0.21291986066079346
soccer,52,277960,2059,85005184.0,0.5251898765563965,0.5520543456077576,0.026864469051361084,0.0402136448233446,-0.1439664691296898,0.21892228974824884
soccer,53,60027,1868,8528674.0,0.5369613170623779,0.34042778611183167,-0.19653353095054626,-0.3736509050041044,-0.578930434322371,-0.08857232415522433
soccer,54,132012,2107,35431344.0,0.5407785773277283,0.5334474444389343,-0.007331132888793945,-0.025529047373806672,-0.23640018356351944,0.17765741652307257
soccer,55,150150,2168,41660448.0,0.5509160161018372,0.5315084457397461,-0.019407570362091064,-0.04671059705786231,-0.2700458345724739,0.16724082034923482
soccer,56,141693,2202,30698176.0,0.5610277056694031,0.5535833835601807,-0.007444322109222412,-0.023967623222725682,-0.17778873579045515,0.12793828273667657
soccer,57,151096,2204,44975328.0,0.5710758566856384,0.5342320203781128,-0.036843836307525635,-0.07591551232874795,-0.2680054775071459,0.13285325503788925
soccer,58,259377,2323,80309496.0,0.5847674608230591,0.665097713470459,0.0803302526473999,0.1252791124440524,-0.07094011658328499,0.28623514032628294
soccer,59,46346,1914,14697263.0,0.5956991910934448,0.6860993504524231,0.09040015935897827,0.1407423280434933,-0.200561968150911,0.3733591540356873
soccer,60,150094,2241,47078704.0,0.601701021194458,0.7399265766143799,0.13822555541992188,0.217912097448534,0.05326028008404313,0.3410214020647295
soccer,61,142730,2145,51740916.0,0.611329197883606,0.5781537890434265,-0.03317540884017944,-0.06355672945514639,-0.29430288584523545,0.17523133961526674
soccer,62,115102,2121,45709056.0,0.6212012767791748,0.6393369436264038,0.018135666847229004,0.018175090782214767,-0.19947570038275875,0.1946155884702129
soccer,63,110804,2053,51710044.0,0.6313579082489014,0.7156358361244202,0.0842779278755188,0.12273120367665051,-0.0416193081214598,0.26881619463175777
soccer,64,156093,2142,50607004.0,0.6412249803543091,0.5697332620620728,-0.07149171829223633,-0.12027504358090818,-0.33740833144599286,0.09741156012260083
soccer,65,123810,2153,39689256.0,0.6509525179862976,0.691189169883728,0.04023665189743042,0.051738074301408254,-0.13026727849825673,0.20123763236648035
soccer,66,150439,2217,45447940.0,0.6612011790275574,0.5309337377548218,-0.1302674412727356,-0.20495293466594938,-0.46706127562693345,0.0684935567370759
soccer,67,95915,2104,33877584.0,0.6707013249397278,0.6085867285728455,-0.062114596366882324,-0.10070017496701406,-0.31539268919235275,0.09594852804864148
soccer,68,122405,2148,32640254.0,0.6810665130615234,0.6816914081573486,0.0006248950958251953,-0.00573531172555342,-0.19095518948782192,0.14959301407829662
soccer,69,99486,2156,35095488.0,0.6911648511886597,0.6561659574508667,-0.03499889373779297,-0.05684741637003196,-0.2470769344064846,0.12265427408581825
soccer,70,116448,2253,31881944.0,0.700771689414978,0.7109154462814331,0.010143756866455078,0.008141624736060254,-0.1452190202303193,0.14971804386296228
soccer,71,102305,2170,31399912.0,0.7110788822174072,0.6975035071372986,-0.013575375080108643,-0.02552371333594991,-0.18547471864307666,0.12515518494422054
soccer,72,124232,2252,34238724.0,0.7216518521308899,0.6539032459259033,-0.06774860620498657,-0.09900699598179252,-0.30972302769688986,0.08171294090308498
soccer,73,87114,2225,33845976.0,0.7308462262153625,0.7565043568611145,0.025658130645751953,0.028043684563832237,-0.1500143376691547,0.16311659207305787
soccer,74,89081,2161,30722210.0,0.7411602139472961,0.7792114019393921,0.03805118799209595,0.04389851532290597,-0.0869994863824398,0.15484698214236592
soccer,75,110908,2312,30732576.0,0.7508099675178528,0.8520883917808533,0.10127842426300049,0.12812436762010146,0.014158708123378548,0.20788973428213625
soccer,76,90795,2209,28716502.0,0.7608948349952698,0.7823408246040344,0.02144598960876465,0.021940297916575636,-0.09498704124344891,0.1152092362415169
soccer,77,112909,2272,34696824.0,0.7712947130203247,0.7489724159240723,-0.02232229709625244,-0.03461828172416402,-0.22342701415426414,0.11894992521060051
soccer,78,85359,2287,27240476.0,0.7808449268341064,0.840083658695221,0.0592387318611145,0.06924638793682593,-0.018631869547533483,0.13710013499028276
soccer,79,72794,2284,30686324.0,0.7908282279968262,0.8525010943412781,0.061672866344451904,0.07264862767046679,-0.03271120895229933,0.1410918109105481
soccer,80,103836,2359,24439328.0,0.8008902072906494,0.8434725999832153,0.04258239269256592,0.04718653239213899,-0.021445741030229854,0.10404021910523076
soccer,81,74026,2292,20951488.0,0.811647355556488,0.796501636505127,-0.015145719051361084,-0.024291811331936416,-0.11668373013404446,0.05942198112006073
soccer,82,93839,2314,25749968.0,0.8210155367851257,0.8281089067459106,0.007093369960784912,0.003426585500270115,-0.11985689220696616,0.0944477399994424
soccer,83,85490,2311,26848592.0,0.8310233950614929,0.8033362030982971,-0.0276871919631958,-0.03781676671869706,-0.14581750419695513,0.05687192431891703
soccer,84,87052,2352,26379796.0,0.8408671021461487,0.7426594495773315,-0.09820765256881714,-0.12079820489406856,-0.32235250856289965,0.04434030040844321
soccer,85,89501,2420,22179020.0,0.8512917160987854,0.8470499515533447,-0.004241764545440674,-0.008730384030285105,-0.09015914492522682,0.06121886913738008
soccer,86,81651,2312,27760118.0,0.8609206676483154,0.8033581376075745,-0.05756253004074097,-0.07041403462968769,-0.3043032172449272,0.08872649265019848
soccer,87,73010,2352,20067302.0,0.8714419007301331,0.8465687036514282,-0.024873197078704834,-0.03192950543415158,-0.12633720332039255,0.04521200412462482
soccer,88,72887,2381,21103844.0,0.881605863571167,0.871116578578949,-0.010489284992218018,-0.015126464560009599,-0.10800301814365738,0.05161977064087989
soccer,89,76194,2381,25910514.0,0.8915690183639526,0.9202773571014404,0.028708338737487793,0.02909216023991361,-0.015261730669473263,0.06114576376427698
soccer,90,80737,2496,26217284.0,0.9014082551002502,0.8775898218154907,-0.02381843328475952,-0.02909098224288319,-0.12632044515341365,0.04009080606515017
soccer,91,77396,2465,23828136.0,0.9115351438522339,0.9001500010490417,-0.011385142803192139,-0.015077766075867922,-0.08790414086978413,0.036082423721247515
soccer,92,74311,2486,24590616.0,0.9214945435523987,0.8423448204994202,-0.07914972305297852,-0.08811742861209289,-0.2535857145172667,0.02760617154034964
soccer,93,78614,2505,25862440.0,0.9318109154701233,0.9288163185119629,-0.0029945969581604004,-0.005181189006990452,-0.08953392107002191,0.03996443358943345
soccer,94,78191,2529,26193520.0,0.9422716498374939,0.9440063834190369,0.0017347335815429688,0.00017383286728455555,-0.03450359864331898,0.027020419701638987
soccer,95,83279,2612,30152970.0,0.9526967406272888,0.9299135208129883,-0.022783219814300537,-0.025289501611406435,-0.09105651742702608,0.022232203789843308
soccer,96,89571,2532,31856098.0,0.9632535576820374,0.9545421600341797,-0.008711397647857666,-0.010152263615853873,-0.048244070529930565,0.014942721556797376
soccer,97,86568,2596,38762996.0,0.9740451574325562,0.9784003496170044,0.004355192184448242,0.0036173622670365017,-0.014385595232098942,0.015783212347519098
soccer,98,78459,2768,38626168.0,0.9843365550041199,0.9897364974021912,0.005399942398071289,0.005010954470369592,-0.002934506660482883,0.010928167656496355
soccer,99,55326,2672,31358268.0,0.9914363026618958,0.9968365430831909,0.005400240421295166,0.0052283387689120876,0.0017453563879125853,0.007550128902508592
cricket,50,10854,109,1194168.5,0.5007268190383911,0.5149193406105042,0.014192521572113037,0.014964394627769327,-0.13301343056031684,0.15927405558814062
cricket,51,7316,104,980394.875,0.5108751654624939,0.4895038604736328,-0.021371304988861084,-0.05474206840234019,-0.23818108229347232,0.12073036291846335
cricket,52,18458,110,1821912.5,0.5252181887626648,0.5622970461845398,0.037078857421875,0.0576323965010239,-0.07224324036307025,0.19717395608816676
cricket,53,4635,105,319645.03125,0.5380889773368835,0.6298741698265076,0.09178519248962402,0.1568559088180649,0.0005620696240340364,0.29888095468389264
cricket,54,7605,110,898079.4375,0.5412552356719971,0.6412926316261292,0.10003739595413208,0.17139790535973828,0.010109614524477785,0.31640989100646766
cricket,55,10293,113,1183188.25,0.5509251952171326,0.519210159778595,-0.0317150354385376,-0.06942677747361192,-0.23173019669338837,0.09189495429190417
cricket,56,9449,114,1089075.5,0.5610463619232178,0.5551435351371765,-0.00590282678604126,-0.021560538851364233,-0.21394020484584464,0.16425890952178274
cricket,57,8477,117,1150625.0,0.5708579421043396,0.5319002866744995,-0.03895765542984009,-0.07923799069062924,-0.27378032845161765,0.12516697209673067
cricket,58,13872,125,1749482.75,0.5849109292030334,0.6460670828819275,0.06115615367889404,0.09337773257257458,-0.04686232725406294,0.2214163400652142
cricket,59,3239,121,400707.0,0.5933776497840881,0.6372374892234802,0.04385983943939209,0.06337634692581248,-0.10685046481763368,0.2235998833864003
cricket,60,9408,127,1168881.0,0.6008984446525574,0.6701928973197937,0.06929445266723633,0.10471601598252983,-0.0436762968955466,0.246665340875369
cricket,61,7829,123,1133350.375,0.6108890771865845,0.6084558963775635,-0.002433180809020996,-0.01276770791489571,-0.17094832287986322,0.14282454207853734
cricket,62,6928,124,1148966.0,0.6212426424026489,0.5310863852500916,-0.09015625715255737,-0.15374881813429914,-0.33970579527715195,0.045619144826199616
cricket,63,5624,120,943927.75,0.6314558982849121,0.6350213289260864,0.0035654306411743164,-0.003975349089898182,-0.1843731036774745,0.1725298515599774
cricket,64,7315,128,1118003.25,0.6413129568099976,0.6161652207374573,-0.025147736072540283,-0.04740778642205004,-0.21092672076508057,0.11459140178613482
cricket,65,6376,130,988206.125,0.6511666774749756,0.6420115828514099,-0.009155094623565674,-0.0212420845820022,-0.1596963447127591,0.12411866815763127
cricket,66,10154,134,1184552.75,0.6627416014671326,0.5841184854507446,-0.07862311601638794,-0.12609820447577275,-0.3231799507420251,0.08282901172685285
cricket,67,4987,130,815018.375,0.671134889125824,0.7419084906578064,0.07077360153198242,0.09635548650667937,-0.05574439227473087,0.23269964811829294
cricket,68,6701,129,904818.0,0.6815980076789856,0.7462174892425537,0.06461948156356812,0.08607909120182747,-0.06405362971045482,0.22494164610087816
cricket,69,5012,129,872869.875,0.691947877407074,0.7358088493347168,0.04386097192764282,0.055123449115165896,-0.07253120967748838,0.1817043618174237
cricket,70,6887,133,1379198.5,0.7014216184616089,0.7669115662574768,0.06548994779586792,0.08552512766326434,-0.05937874761744431,0.2129881228106174
cricket,71,6059,124,1030761.875,0.7113787531852722,0.7586367726325989,0.04725801944732666,0.05797012301822129,-0.08215276570805514,0.1743992549959514
cricket,72,6491,129,871162.25,0.7217240333557129,0.7012720704078674,-0.02045196294784546,-0.03462179996812433,-0.1875281497915134,0.11359109866739224
cricket,73,4927,128,907287.25,0.7317766547203064,0.686518669128418,-0.04525798559188843,-0.06782798253307136,-0.21851605806284816,0.08395502792799606
cricket,74,4693,123,844592.25,0.7417268753051758,0.7546912431716919,0.012964367866516113,0.01099394829219918,-0.14809897945143122,0.14347881713714924
cricket,75,6076,128,1008375.125,0.7509559392929077,0.7873364686965942,0.03638052940368652,0.042277043997226246,-0.08198609919283438,0.1464732391941933
cricket,76,4537,127,814323.0,0.7615709900856018,0.7708846926689148,0.009313702583312988,0.005717925630035138,-0.12097106879614594,0.12750552926119682
cricket,77,5260,133,884374.5,0.7711408734321594,0.7525936961174011,-0.0185471773147583,-0.029887713085965342,-0.17331305104619557,0.10257550879105423
cricket,78,5587,133,963349.625,0.7813134789466858,0.7553524374961853,-0.02596104145050049,-0.038771529774842495,-0.19229781821310998,0.09327772622151377
cricket,79,5255,127,1142380.25,0.7915085554122925,0.842664361000061,0.051155805587768555,0.059030948005042196,-0.05219955176212495,0.14340563079230606
cricket,80,5961,136,1309470.75,0.8009461760520935,0.8643630743026733,0.06341689825057983,0.07386056674034903,-0.024801056326325656,0.15261622085492407
cricket,81,4218,127,1019965.875,0.811392605304718,0.8789347410202026,0.06754213571548462,0.07787166079629997,-0.013297193105414377,0.14726345080751335
cricket,82,5065,138,1070494.875,0.8212670087814331,0.8641237020492554,0.042856693267822266,0.04712686199978414,-0.05312903635779545,0.12961050133973842
cricket,83,4733,139,860813.8125,0.8314331769943237,0.8234308362007141,-0.00800234079360962,-0.013891628980590638,-0.12719641125864664,0.07412735343747677
cricket,84,5242,136,1291114.75,0.8418745994567871,0.8529775142669678,0.011102914810180664,0.008989944130388406,-0.11630722346436229,0.112601381201777
cricket,85,5574,141,1130178.625,0.8514701128005981,0.8381085395812988,-0.013361573219299316,-0.019590371867600667,-0.1456238998403771,0.0891349468277875
cricket,86,4652,139,1122372.75,0.8626897931098938,0.8997834920883179,0.03709369897842407,0.03849253987091546,-0.040218609455228205,0.10009083288714245
cricket,87,5504,139,1307693.375,0.8714177012443542,0.9435781240463257,0.07216042280197144,0.07947678903048888,0.034736262323366865,0.11638871155228962
cricket,88,5696,142,1561529.5,0.8812915682792664,0.9463420510292053,0.06505048274993896,0.07076201061951595,0.014097951131708012,0.11128234607881407
cricket,89,4934,137,1503600.0,0.8913500905036926,0.9448943138122559,0.05354422330856323,0.05693573655913923,-0.0008251895899911708,0.10127234978553
cricket,90,5705,143,1328057.5,0.9011421799659729,0.9158565998077393,0.014714419841766357,0.013898549982652053,-0.07178400598609844,0.08421744070984703
cricket,91,4818,142,1405047.125,0.9117937684059143,0.873570442199707,-0.038223326206207275,-0.043590949309656464,-0.16057164288050066,0.05560353977488598
cricket,92,4594,146,1296116.5,0.9219350814819336,0.9353364706039429,0.013401389122009277,0.012783998586726313,-0.08319097690528324,0.07305792793279661
cricket,93,4281,145,1362184.875,0.9315751194953918,0.9706358909606934,0.039060771465301514,0.040466944455199105,0.002722479952082015,0.06601836455602403
cricket,94,4760,142,1806560.125,0.9420345425605774,0.9831828474998474,0.04114830493927002,0.042268115516877154,0.020871435537939177,0.05758000508118799
cricket,95,5608,150,2149780.5,0.9524083733558655,0.9853804707527161,0.032972097396850586,0.033688101826403895,0.008034555261464035,0.04858314993798284
cricket,96,5631,148,2423515.0,0.9633780717849731,0.9963154792785645,0.03293740749359131,0.03344575159985037,0.028459140133997054,0.03704916769385466
cricket,97,6059,152,2947460.5,0.9737615585327148,0.9770432710647583,0.003281712532043457,0.002811400134142767,-0.030068866043435605,0.02490410264780413
cricket,98,6116,156,3998266.5,0.98432457447052,0.9893898963928223,0.005065321922302246,0.004766113280384617,-0.011554567141592524,0.01552530533822925
cricket,99,4658,153,3801616.0,0.9914976954460144,1.0,0.008502304553985596,0.00837252410183481,0.00797228347848879,0.008695513378279764
baseball,50,78511,2008,21821708.0,0.5005356073379517,0.4620043933391571,-0.038531213998794556,-0.08599536484151292,-0.1812542831077321,0.009019451201732389
baseball,51,56234,1958,19221612.0,0.5107317566871643,0.5353512763977051,0.02461951971054077,0.0368555190575688,-0.08793786256147264,0.15441732316496581
baseball,52,127186,2157,39085220.0,0.5248414278030396,0.485983282327652,-0.03885814547538757,-0.08539200261772473,-0.18919294746242676,0.016812204320171678
baseball,53,24431,1937,3252029.75,0.5367550849914551,0.4549056589603424,-0.08184942603111267,-0.16316168015936913,-0.3588857797785406,0.03568473848059311
baseball,54,57912,2142,20027504.0,0.5408691763877869,0.5379222631454468,-0.002946913242340088,-0.015680418650310477,-0.13583183989979386,0.10117306704330006
baseball,55,64627,2205,19983244.0,0.5510667562484741,0.5249515771865845,-0.02611517906188965,-0.057265600648315124,-0.1898023999642763,0.07161485596745973
baseball,56,65258,2211,21665492.0,0.5609244704246521,0.6109145283699036,0.049990057945251465,0.07849098540088298,-0.05049661042682379,0.19756923127598106
baseball,57,57611,2225,18434586.0,0.5708445906639099,0.5415968298912048,-0.029247760772705078,-0.05951723024286185,-0.1920884296582684,0.06500564480666539
baseball,58,93056,2307,30918928.0,0.5841941237449646,0.5611299276351929,-0.02306419610977173,-0.04803884282800653,-0.16960180594608826,0.07311025851680848
baseball,59,14319,1914,3227883.25,0.5945830345153809,0.6112964153289795,0.016713380813598633,0.017162470727342262,-0.2103896608568635,0.21201777644497202
baseball,60,57305,2222,16682874.0,0.6006996035575867,0.5762820243835449,-0.024417579174041748,-0.04899825943214264,-0.18627646360924008,0.0834162267087177
baseball,61,42977,2181,13603310.0,0.6108437776565552,0.6665765047073364,0.05573272705078125,0.08255898081279889,-0.055567684281517066,0.21627727984456233
baseball,62,40510,2168,14000455.0,0.6208679676055908,0.6833974123001099,0.06252944469451904,0.09279788348388006,-0.03502496666875323,0.20304522359952004
baseball,63,35893,2136,12047639.0,0.6307390332221985,0.6848923563957214,0.05415332317352295,0.07715723988830876,-0.055330072258855986,0.19132269323482276
baseball,64,42408,2182,10134340.0,0.640945315361023,0.5568565130233765,-0.08408880233764648,-0.139149945510894,-0.2868286630689191,0.01738967962742762
baseball,65,37018,2139,11124928.0,0.6506626605987549,0.6444162726402283,-0.006246387958526611,-0.016884898301255166,-0.1677189828300251,0.11775476342660086
baseball,66,41643,2182,8997746.0,0.6613932251930237,0.610813319683075,-0.05057990550994873,-0.08476486286157216,-0.2530630265112276,0.07679463661022848
baseball,67,25675,2054,7192362.5,0.6709407567977905,0.7191837430000305,0.04824298620223999,0.0635937882248267,-0.07250139379564158,0.18908724948076483
baseball,68,30266,2096,7762435.5,0.6808733940124512,0.7700798511505127,0.08920645713806152,0.12190365725037194,-0.016324558069555573,0.22849735220668713
baseball,69,24434,2055,6849116.0,0.6909487843513489,0.7279028296470642,0.03695404529571533,0.04790754432863921,-0.12440315780942915,0.18402014214132473
baseball,70,30752,2095,6895917.0,0.7010795474052429,0.7839013338088989,0.082821786403656,0.1108648815603999,-0.029420678271131716,0.21229528491270783
baseball,71,24201,2059,5083454.5,0.7111647725105286,0.6770145893096924,-0.03415018320083618,-0.054343657700349456,-0.21915221854190967,0.08467052822724115
baseball,72,29574,2092,5121641.0,0.7211859226226807,0.6577177047729492,-0.06346821784973145,-0.09456334405693399,-0.2451055580890392,0.046087988903793405
baseball,73,20760,2024,4317863.5,0.7324254512786865,0.7330740690231323,0.0006486177444458008,-0.006949878043443005,-0.10547540570032628,0.07774250037957149
baseball,74,21362,2033,3920642.5,0.7417060732841492,0.7284858822822571,-0.01322019100189209,-0.024333449658870788,-0.11928788374852757,0.06493846795293229
baseball,75,27629,2083,4773882.0,0.7511391043663025,0.826374351978302,0.07523524761199951,0.0924651803674417,0.0007538325849210946,0.16131955057145886
baseball,76,20680,2002,3968647.5,0.7613834142684937,0.6770105957984924,-0.08437281847000122,-0.11620066978365462,-0.3155945994079367,0.056218525942703206
baseball,77,22883,2051,3086078.5,0.7719785571098328,0.788448691368103,0.016470134258270264,0.014828170527262277,-0.040089099987392206,0.06722294279407261
baseball,78,24813,2035,3362230.0,0.7821218371391296,0.7785146236419678,-0.0036072134971618652,-0.010669014370993019,-0.07769828809473718,0.050193067543872295
baseball,79,21381,2030,3729296.25,0.7919991612434387,0.7347555756568909,-0.05724358558654785,-0.07745165943858276,-0.2014280394925262,0.023740316839660994
baseball,80,29249,2099,3996028.75,0.8015703558921814,0.8076130747795105,0.0060427188873291016,0.0024393189670624794,-0.05973004676257137,0.05608699849750972
baseball,81,22418,2035,3142596.5,0.8119645714759827,0.8124988079071045,0.0005342364311218262,-0.005090066053564946,-0.06083033053631887,0.04434985990262114
baseball,82,25912,2035,3793237.5,0.8219244480133057,0.792352557182312,-0.029571890830993652,-0.04085265747653404,-0.09884172880598865,0.009579681197482455
baseball,83,21589,1998,5016351.5,0.832642138004303,0.6248803734779358,-0.2077617645263672,-0.2528968949668616,-0.5362268355985972,0.026291138301067052
baseball,84,24756,2078,4126539.25,0.8417654037475586,0.8275516629219055,-0.014213740825653076,-0.021741733465650552,-0.08956008692292995,0.0360554543373188
baseball,85,25028,2124,4163449.5,0.8516196608543396,0.8351272344589233,-0.01649242639541626,-0.02396581248919726,-0.1005732204532017,0.035975448099135124
baseball,86,20301,2030,3646704.5,0.8621801733970642,0.8747351169586182,0.012554943561553955,0.01038965801973239,-0.03425063229694935,0.04903679997204365
baseball,87,23548,2039,4315774.0,0.8719016313552856,0.902495801448822,0.030594170093536377,0.030910428195346118,-0.024869732423386613,0.07039613752147897
baseball,88,23405,2085,3771552.5,0.8817809224128723,0.8826224207878113,0.0008414983749389648,-0.0027377549182794206,-0.05110551161176679,0.03940583506480792
baseball,89,20714,2070,4928758.0,0.8919185996055603,0.9212951064109802,0.029376506805419922,0.029642481870987687,-0.017237575747066657,0.061944899333784324
baseball,90,24808,2119,4011262.0,0.9019196033477783,0.890063464641571,-0.011856138706207275,-0.015951471405162947,-0.07307469657218402,0.02874488680183664
baseball,91,23261,2054,3739242.0,0.9121624231338501,0.8941941857337952,-0.01796823740005493,-0.022089031624692407,-0.07585934010547218,0.022987290798546795
baseball,92,23255,2096,5283673.5,0.9222907423973083,0.8688405156135559,-0.05345022678375244,-0.06030002063770527,-0.20858211222776826,0.04099655546628128
baseball,93,24850,2121,4991222.0,0.9321067929267883,0.9220793843269348,-0.010027408599853516,-0.012502424465560413,-0.07216275135465836,0.02983626281436308
baseball,94,24391,2170,5034340.0,0.9425977468490601,0.9599624872207642,0.0173647403717041,0.01682836902403063,0.0005643963679208492,0.030189755552962157
baseball,95,28917,2260,5575783.0,0.9521272778511047,0.936118483543396,-0.01600879430770874,-0.01805433599865577,-0.05087320050608106,0.009763990433182814
baseball,96,27014,2193,5257401.5,0.9630423784255981,0.963257908821106,0.0002155303955078125,-0.0008781032118837543,-0.02349538298704468,0.01765438703943555
baseball,97,24670,2230,5477541.0,0.9735779166221619,0.9661170840263367,-0.007460832595825195,-0.008432653867764523,-0.02742654147507439,0.007790691286444077
baseball,98,19983,2290,5673423.0,0.9841564893722534,0.9897758960723877,0.005619406700134277,0.005299767345819583,-0.001498123632881092,0.010568614125771179
baseball,99,13955,2200,3922228.0,0.991126298904419,0.992486298084259,0.0013599991798400879,0.0011639607364731805,-0.0050863437034140615,0.00587492341936573
hockey,50,87749,1031,17489916.0,0.5006263256072998,0.49053895473480225,-0.010087370872497559,-0.020987446461481877,-0.13545602538471296,0.0961958687957965
hockey,51,63085,942,15829656.0,0.5110088586807251,0.4716717302799225,-0.03933712840080261,-0.07862079581469068,-0.22858534047461015,0.07762737216735835
hockey,52,137491,1106,31811318.0,0.524815559387207,0.4931369423866272,-0.031678617000579834,-0.06221556806679338,-0.19520032721778263,0.06491510451423903
hockey,53,32700,1033,3135482.0,0.5377395153045654,0.46584752202033997,-0.07189199328422546,-0.13433708126040542,-0.3666517583176814,0.09032485054183517
hockey,54,62175,1147,18879198.0,0.5411167144775391,0.5240551829338074,-0.01706153154373169,-0.032089393481153576,-0.18748557651542705,0.10879656337339677
hockey,55,71908,1188,17983856.0,0.5510491728782654,0.5801737904548645,0.02912461757659912,0.051667184411871826,-0.10363266486018123,0.19608102598004373
hockey,56,70955,1185,15538303.0,0.5609949827194214,0.5679447054862976,0.006949722766876221,0.011677068045894865,-0.1486154039797592,0.16614508641521963
hockey,57,61047,1136,16722138.0,0.5709419250488281,0.5191856622695923,-0.05175626277923584,-0.09135706847415016,-0.25938407489935045,0.07601001010867052
hockey,58,105848,1184,25261392.0,0.5846977233886719,0.5745766758918762,-0.010121047496795654,-0.018676408785684318,-0.15402262440240796,0.11266365773188927
hockey,59,15094,959,2003512.625,0.5948529839515686,0.5765007138252258,-0.018352270126342773,-0.03370508490977177,-0.2370136675551391,0.14649245480024095
hockey,60,60568,1093,12015698.0,0.6005995869636536,0.5598166584968567,-0.040782928466796875,-0.07006605969013005,-0.22172568171742463,0.07339395524479436
hockey,61,44384,1053,11825246.0,0.6110679507255554,0.49882787466049194,-0.11224007606506348,-0.18385777993963778,-0.35255143462447636,-0.009495242856466642
hockey,62,40839,1053,9164920.0,0.6206972002983093,0.5636358857154846,-0.05706131458282471,-0.09292023900217548,-0.25136857683127434,0.06275777007525962
hockey,63,33187,1021,9040060.0,0.6306270956993103,0.6402976512908936,0.009670555591583252,0.015059477599729898,-0.16816361483686706,0.18821634361169765
hockey,64,43069,1045,7748459.0,0.640608012676239,0.6723641157150269,0.03175610303878784,0.04875252188519143,-0.10021252315023398,0.183973673495995
hockey,65,32827,1026,7396828.0,0.6508076190948486,0.6245784163475037,-0.02622920274734497,-0.04214187987860789,-0.2562906340091774,0.1657947340485422
hockey,66,36283,1061,5873548.0,0.6613123416900635,0.6512084603309631,-0.010103881359100342,-0.015668536610387074,-0.21437835765267926,0.1725973325656337
hockey,67,18935,994,4266229.0,0.6709747910499573,0.6474895477294922,-0.023485243320465088,-0.0352942754337716,-0.22572528116962332,0.13846440913611818
hockey,68,19353,1020,3262204.5,0.6811950206756592,0.607282280921936,-0.07391273975372314,-0.108737137436646,-0.2863377921466552,0.0826300524021772
hockey,69,16502,1000,3643635.0,0.6923125386238098,0.7778777480125427,0.08556520938873291,0.12023711473866015,-0.06197750667169513,0.25723290939041143
hockey,70,24267,1056,4441083.5,0.7004849314689636,0.8597638607025146,0.15927892923355103,0.22513650478473635,0.09976712819735024,0.3136987344942289
hockey,71,20363,1024,3866395.5,0.710577130317688,0.8284916281700134,0.11791449785232544,0.1620029081343655,0.007997243337861358,0.2598113515740623
hockey,72,23999,1045,4164335.0,0.7216880917549133,0.7149226665496826,-0.006765425205230713,-0.010165037270474603,-0.2310133565270015,0.15920213452639356
hockey,73,16129,1023,3304327.0,0.7310246825218201,0.6492605805397034,-0.0817641019821167,-0.11272871064504697,-0.32763982565682437,0.07132161769263072
hockey,74,14951,996,2691916.75,0.7409752607345581,0.7757976055145264,0.03482234477996826,0.04639449777113028,-0.11856056951031985,0.1602586944187285
hockey,75,20372,1066,2706292.75,0.7511082291603088,0.8362962603569031,0.08518803119659424,0.11300210896695069,-0.012704361555704518,0.19136252388520214
hockey,76,12982,993,1733702.75,0.7613917589187622,0.8163990378379822,0.05500727891921997,0.07187983603338577,-0.03330305167333113,0.152841461147574
hockey,77,15658,990,1986836.75,0.7724307179450989,0.7944236993789673,0.021992981433868408,0.027348652474202748,-0.12333444380383866,0.1346806723083216
hockey,78,15362,1031,1816364.25,0.7821813821792603,0.8709295988082886,0.08874821662902832,0.11215584464188147,0.03334903850771359,0.16709219134727324
hockey,79,12321,971,1948295.375,0.791121244430542,0.6555055379867554,-0.13561570644378662,-0.17232895125413075,-0.49299321511879,0.12238684387752523
hockey,80,14363,1068,1607353.0,0.8013504147529602,0.7167542576789856,-0.08459615707397461,-0.10631615133284301,-0.32759259592957957,0.07720288262552459
hockey,81,10956,966,1690233.875,0.8113524913787842,0.8453109264373779,0.03395843505859375,0.04085040375253988,-0.07788846679736657,0.12357313699895742
hockey,82,13228,1007,1735089.25,0.8211873769760132,0.7837556600570679,-0.03743171691894531,-0.04663805175431253,-0.1943537614457936,0.07491154567746224
hockey,83,10633,986,1364335.5,0.8318535089492798,0.8648133277893066,0.032959818840026855,0.03834978201016907,-0.02573795891759144,0.0923354197414496
hockey,84,11651,1007,1318062.375,0.841802179813385,0.8390079140663147,-0.0027942657470703125,-0.0039824807614780135,-0.1064427275147895,0.07592457913860097
hockey,85,13612,1051,1395506.0,0.8518345952033997,0.8856939673423767,0.03385937213897705,0.039228059498024055,-0.016095934309044387,0.08589822326755864
hockey,86,9412,955,1138063.625,0.8619414567947388,0.870093584060669,0.008152127265930176,0.008895355475609597,-0.0393913224597536,0.04994201561817908
hockey,87,10325,1023,1472714.875,0.8719485402107239,0.8686917424201965,-0.0032567977905273438,-0.003964429998150674,-0.08941361659474963,0.06011223803691485
hockey,88,12946,1048,1928710.5,0.8818463087081909,0.8980323672294617,0.016186058521270752,0.018060299844356562,-0.041971622842418205,0.06269135260531096
hockey,89,10059,1004,1424484.75,0.8920595645904541,0.8638738393783569,-0.028185725212097168,-0.03211061026948681,-0.10428992178885327,0.026291548556945273
hockey,90,14762,1106,2430489.5,0.9014282822608948,0.9358583688735962,0.034430086612701416,0.03784013768698533,-0.003186000455858385,0.06776122989832352
hockey,91,17536,1068,2094438.5,0.9124203324317932,0.9552032947540283,0.04278296232223511,0.046489108245882024,0.016975062892922936,0.066953780822407
hockey,92,12217,1073,1716665.0,0.922534167766571,0.9456080794334412,0.023073911666870117,0.024730455559737508,-0.016153979394699473,0.05063923020599757
hockey,93,12006,1089,2008537.0,0.9318527579307556,0.9319441318511963,9.137392044067383e-05,-0.0002439633243776426,-0.07385820854163527,0.04518862258319518
hockey,94,11190,1059,1838184.5,0.9421693086624146,0.9295262694358826,-0.012643039226531982,-0.013598053944411947,-0.06809533316250078,0.02412204017231131
hockey,95,11844,1083,2115648.0,0.9525331258773804,0.9739648103713989,0.021431684494018555,0.022315119695101037,0.0069431666708377575,0.0347415302989959
hockey,96,10720,1062,1865118.0,0.9630188941955566,0.9623638391494751,-0.000655055046081543,-0.0007864400015539021,-0.026082009551297178,0.01825238524264215
hockey,97,10714,1162,2481463.0,0.9739288091659546,0.9692544341087341,-0.004674375057220459,-0.004929070831354992,-0.0261496120237748,0.011280266270022113
hockey,98,10775,1352,4504467.0,0.9858939051628113,0.9821141958236694,-0.0037797093391418457,-0.0038710098504283292,-0.01365686445276214,0.004432345588501044
hockey,99,9411,1259,3564836.5,0.9906483292579651,0.9921025633811951,0.0014542341232299805,0.0014460209687399816,-0.0037461473292886177,0.005838112146237566
mma_boxing,50,9101,94,2362381.5,0.5004910230636597,0.5024825930595398,0.001991569995880127,-0.006791147743401633,-0.19379144568829507,0.17365128947255687
mma_boxing,51,6836,87,2320325.0,0.5106481909751892,0.3513122498989105,-0.1593359410762787,-0.3216928372879767,-0.7417224436791898,0.31767445477160705
mma_boxing,52,8427,97,3181317.25,0.5230273604393005,0.45748019218444824,-0.0655471682548523,-0.13680287085498294,-0.6180052790754159,0.41442324547344483
mma_boxing,53,1473,86,197474.90625,0.5376642942428589,0.47916966676712036,-0.058494627475738525,-0.11922257641294863,-0.6807541282398217,0.5415978953184597
mma_boxing,54,2830,93,1085836.25,0.5407940745353699,0.47661301493644714,-0.06418105959892273,-0.12745005365138662,-0.6522009663100398,0.38753515035676955
mma_boxing,55,3443,101,1095759.75,0.5508456826210022,0.5182392001152039,-0.03260648250579834,-0.06392070153494639,-0.47249389248189033,0.42174457966260787
mma_boxing,56,4400,98,1003806.5625,0.5609029531478882,0.5288368463516235,-0.03206610679626465,-0.059237010775396864,-0.5534423836661705,0.4277714705076779
mma_boxing,57,4509,96,1394766.25,0.5708771347999573,0.46184012293815613,-0.10903701186180115,-0.19649446065897802,-0.6474765475238081,0.3077708518420865
mma_boxing,58,5382,109,2353449.5,0.5847989320755005,0.7856050729751587,0.2008061408996582,0.3327799943902062,-0.3652246308283128,0.567742761260294
mma_boxing,59,1601,89,432241.71875,0.5978075861930847,0.8663905262947083,0.26858294010162354,0.44291804718799904,-0.3943368727423903,0.6173979197488917
mma_boxing,60,5040,112,1206604.375,0.6008033752441406,0.723665714263916,0.12286233901977539,0.19649346920125357,-0.20585886884305607,0.46726078113606934
mma_boxing,61,3233,109,1394222.875,0.6104807257652283,0.36125656962394714,-0.24922415614128113,-0.4134072678823321,-0.755383634329364,0.18336873044845714
mma_boxing,62,2435,111,915749.875,0.6207346320152283,0.5210477709770203,-0.09968686103820801,-0.16849863243114466,-0.5238498855921031,0.26887907718856213
mma_boxing,63,2318,100,785476.625,0.6308608055114746,0.6500771641731262,0.01921635866165161,0.022535260446143738,-0.4018353658372146,0.3679925266336239
mma_boxing,64,2629,113,860583.0,0.6409410238265991,0.7841088771820068,0.14316785335540771,0.20985042919612007,-0.33116462985313416,0.4380358272709001
mma_boxing,65,2525,113,1007331.4375,0.6502851247787476,0.8971823453903198,0.24689722061157227,0.3608350270748938,-0.148853398454419,0.47551837079739284
mma_boxing,66,4937,111,1596670.625,0.6611732840538025,0.847506046295166,0.18633276224136353,0.2712731948802382,-0.11470507030920105,0.42895889898325323
mma_boxing,67,2342,106,1471373.25,0.6703706979751587,0.6647546887397766,-0.00561600923538208,-0.016736591127532025,-0.6191267544075894,0.4271802698989823
mma_boxing,68,3022,108,1684786.0,0.6820954084396362,0.19915850460529327,-0.48293691873550415,-0.7097959165577992,-0.8897980938894609,0.055870363965858275
mma_boxing,69,2856,112,2180636.5,0.6905771493911743,0.0955355241894722,-0.5950416326522827,-0.8628543682545743,-0.9509134622576052,-0.14211006085134031
mma_boxing,70,4254,113,2164007.5,0.700330376625061,0.3827829360961914,-0.31754744052886963,-0.45633234052777233,-0.8180442757036831,0.14352332879534135
mma_boxing,71,3036,113,1741946.25,0.7108953595161438,0.6200442910194397,-0.0908510684967041,-0.1334175792998394,-0.757164242036961,0.30303751577675964
mma_boxing,72,3487,110,2039611.625,0.7217438817024231,0.5059384107589722,-0.21580547094345093,-0.3033596960331295,-0.8326599949744259,0.3157244493500009
mma_boxing,73,2575,112,1298207.0,0.7311496734619141,0.8693214058876038,0.1381717324256897,0.1832564757873665,-0.27677952967546904,0.323588491373006
mma_boxing,74,4865,112,3438635.75,0.7403619289398193,0.9463173747062683,0.20595544576644897,0.27216101219808725,-0.04584595953474017,0.33028977430921375
mma_boxing,75,3353,113,1287540.125,0.7509046196937561,0.7814550399780273,0.03055042028427124,0.03666967469248679,-0.3306429168904032,0.28410688605726353
mma_boxing,76,1968,107,933199.1875,0.7611683011054993,0.8091259598731995,0.047957658767700195,0.05545814957731654,-0.3167389017083999,0.24614504680445204
mma_boxing,77,1390,105,725992.6875,0.7705890536308289,0.7897626161575317,0.01917356252670288,0.016057745058290853,-0.478944564354862,0.22834186508825535
mma_boxing,78,2787,97,1391814.875,0.7808502316474915,0.4694030284881592,-0.3114472031593323,-0.4016420267428817,-0.8224509973900598,0.22008212235619895
mma_boxing,79,1834,102,641768.75,0.7918177843093872,0.7014249563217163,-0.0903928279876709,-0.11944897742118141,-0.3929875972021336,0.16417147767210968
mma_boxing,80,5093,110,2227205.5,0.8002910017967224,0.16929462552070618,-0.6309963464736938,-0.7898918213224047,-0.9237147434071485,0.19714642898672355
mma_boxing,81,6425,101,1516932.125,0.8103843927383423,0.17127367854118347,-0.6391106843948364,-0.7896615432889734,-0.9438229653258515,0.15518719692459937
mma_boxing,82,3333,100,2308480.25,0.8201805949211121,0.09883429855108261,-0.7213463187217712,-0.8804161070430564,-0.9776676681273758,0.14613514075681353
mma_boxing,83,845,104,235151.828125,0.8323703408241272,0.5696102380752563,-0.26276010274887085,-0.3183803967730891,-0.6129468014044324,0.06425121641433389
mma_boxing,84,1130,103,486542.8125,0.8436088562011719,0.7320500612258911,-0.11155879497528076,-0.13578859576286054,-0.5729071618062533,0.1342332362309333
mma_boxing,85,1190,104,417337.9375,0.851707398891449,0.8122006058692932,-0.03950679302215576,-0.049222826922281804,-0.30638438702997073,0.1241608316558865
mma_boxing,86,1085,92,469168.96875,0.8613576889038086,0.9410353899002075,0.07967770099639893,0.09147328282979769,-0.1509371882882254,0.14572818507315594
mma_boxing,87,1003,103,517269.4375,0.8715795874595642,0.9450489282608032,0.07346934080123901,0.08234371212208254,-0.10380606816897077,0.12662069681058372
mma_boxing,88,1442,104,677370.875,0.8816503286361694,0.7035701870918274,-0.17808014154434204,-0.20476888542194996,-0.5996845092452557,0.11147977228968316
mma_boxing,89,1095,98,494851.5625,0.8917288184165955,0.9238966107368469,0.032167792320251465,0.03452920142083187,-0.0876790383045693,0.09517825288234251
mma_boxing,90,1471,104,461992.4375,0.9026895761489868,0.9052969217300415,0.0026073455810546875,0.001504107015324487,-0.17548312573603203,0.09431900973382892
mma_boxing,91,1014,98,471115.71875,0.9115270972251892,0.9246037602424622,0.01307666301727295,0.013083989041857228,-0.16776793873484952,0.08500011104872976
mma_boxing,92,825,99,253758.03125,0.9242217540740967,0.9606813788414001,0.03645962476730347,0.037734253065793796,-0.010465870932987996,0.06624240534071016
mma_boxing,93,660,90,199883.203125,0.9335861206054688,0.9020207524299622,-0.03156536817550659,-0.03500396992367604,-0.15996311999917254,0.049785080580245424
mma_boxing,94,792,97,226773.140625,0.943787693977356,0.8134502172470093,-0.13033747673034668,-0.13854826633159423,-0.37603545465938404,0.04642623922245515
mma_boxing,95,831,89,191313.28125,0.9521667957305908,0.8555688858032227,-0.09659790992736816,-0.1023284857823735,-0.23235283130681927,0.00617977372820469
mma_boxing,96,767,103,270685.8125,0.9639434218406677,0.9454154372215271,-0.018527984619140625,-0.01980883279028585,-0.08410968553088422,0.024302516041860994
mma_boxing,97,553,88,294628.09375,0.9731011390686035,0.8748002648353577,-0.09830087423324585,-0.10148827933469402,-0.24180575798014434,0.025076053990715073
mma_boxing,98,654,122,535186.25,0.9849059581756592,0.9764612913131714,-0.008444666862487793,-0.008869290148828871,-0.06088939925528517,0.015317713303129643
mma_boxing,99,693,100,731570.375,0.9902632236480713,0.8820038437843323,-0.10825937986373901,-0.10950921588239056,-0.26084030952270393,0.009796680658853769
other,50,2127,32,279562.125,0.4995896518230438,0.5091648697853088,0.009575217962265015,0.01796268997592619,-0.33394621041206485,0.2893777440322663
other,51,1096,32,161673.6875,0.5107993483543396,0.2279554009437561,-0.2828439474105835,-0.5550483242203514,-0.7980097747118696,0.025492250001398507
other,52,4273,36,438686.15625,0.5253636837005615,0.587072491645813,0.061708807945251465,0.11784915660068171,-0.3873389935761,0.5549965143569279
other,53,738,33,73246.6953125,0.5373513698577881,0.4969756007194519,-0.04037576913833618,-0.07608370512030405,-0.5530167717718331,0.5542109524177388
other,54,2496,37,279976.40625,0.542083740234375,0.5914627909660339,0.049379050731658936,0.09277212246741108,-0.4418221920709407,0.532977037662415
other,55,2487,36,328520.5625,0.5515868663787842,0.6866065859794617,0.1350197196006775,0.24420616876057508,-0.24748087692440615,0.5959683085491996
other,56,1852,37,295016.0625,0.5615466833114624,0.6101046800613403,0.04855799674987793,0.08717906920872341,-0.4657040201861931,0.6107777400520081
other,57,1578,37,220294.78125,0.5722676515579224,0.5456969738006592,-0.026570677757263184,-0.04545571182044044,-0.5481788940631077,0.420055515126629
other,58,4335,41,546179.4375,0.5862395167350769,0.7954496741294861,0.20921015739440918,0.3550780377498556,-0.07239953595895965,0.602657474314635
other,59,414,37,43469.109375,0.5930201411247253,0.7608344554901123,0.16781431436538696,0.28335725910868775,-0.1277868655712229,0.5746511927641531
other,60,1966,40,240143.765625,0.6011909246444702,0.68372642993927,0.0825355052947998,0.13557934401275035,-0.4551345462283514,0.58660657152522
other,61,1660,38,183009.5625,0.6114756464958191,0.7953146696090698,0.18383902311325073,0.2993232868664906,-0.12373015568420911,0.5127427642853482
other,62,1236,36,161228.453125,0.6227024793624878,0.7442371249198914,0.12153464555740356,0.19263399822371904,-0.32536822266681564,0.49663955822485
other,63,948,31,133848.953125,0.630648136138916,0.7735934853553772,0.14294534921646118,0.22496921982840057,-0.29350514279381795,0.494213936263654
other,64,1509,37,258920.171875,0.6421025991439819,0.5189281105995178,-0.12317448854446411,-0.1927819056793584,-0.6044111397868682,0.2611602067154333
other,65,1821,38,280426.875,0.6522441506385803,0.5864307284355164,-0.06581342220306396,-0.10208850042923659,-0.5546350585143974,0.3470567195542127
other,66,1505,34,333545.4375,0.6628721952438354,0.49130427837371826,-0.1715679168701172,-0.2596586322563615,-0.8106067933745684,0.406666286943659
other,67,796,34,155844.265625,0.6702430248260498,0.5548536777496338,-0.11538934707641602,-0.17271078236901527,-0.8107713630669282,0.4066117864022894
other,68,932,37,131343.03125,0.6818399429321289,0.5121655464172363,-0.16967439651489258,-0.24808630948658347,-0.7085995646962889,0.37961464024257874
other,69,1715,34,240365.875,0.6914633512496948,0.49759939312934875,-0.19386395812034607,-0.2798177917629722,-0.8206533995072399,0.3626737377752813
other,70,1504,36,258315.75,0.7020899653434753,0.5522258877754211,-0.1498640775680542,-0.215226947601618,-0.7427095461477686,0.38052609441242885
other,71,1215,38,531724.0,0.7119268774986267,0.4915812313556671,-0.2203456461429596,-0.31067701810965853,-0.8861785200643348,0.38615712306410704
other,72,894,37,142219.90625,0.7207146883010864,0.6349512338638306,-0.08576345443725586,-0.11989315328788581,-0.5138473449707759,0.29422977621161084
other,73,903,38,121277.5625,0.7311781644821167,0.7733533382415771,0.04217517375946045,0.056881509232155174,-0.2842938306803866,0.3266985829237321
other,74,1143,39,131539.171875,0.7416374683380127,0.9153851270675659,0.17374765872955322,0.23373469931816188,0.08547670319622505,0.3126500938756461
other,75,1243,37,258688.3125,0.7527675032615662,0.9239370822906494,0.17116957902908325,0.22698666579966295,-0.11785733379510996,0.31928985148687933
other,76,1345,37,342810.625,0.7605106830596924,0.9629250764846802,0.2024143934249878,0.2661866648582942,0.09698395167867074,0.3084307946595182
other,77,1114,41,213760.75,0.7725610136985779,0.9781809449195862,0.2056199312210083,0.26611812860575934,0.2262269414284751,0.285480516413668
other,78,1885,43,806461.375,0.7805358171463013,0.9985063076019287,0.21797049045562744,0.2792403404034053,0.26952899773882805,0.28129478339793906
other,79,848,41,270613.0625,0.7913733124732971,0.9824520945549011,0.191078782081604,0.24149602000438747,0.18547833913638792,0.2616834161884149
other,80,1311,48,207000.90625,0.8006688356399536,0.9548458456993103,0.1541770100593567,0.19224881782560774,0.07089602924868817,0.24582856585639945
other,81,938,46,147296.75,0.8121001124382019,0.9814878106117249,0.16938769817352295,0.2084979281962397,0.15958252507615733,0.22831902171381466
other,82,952,44,241380.0625,0.8237134218215942,0.9798772931098938,0.15616387128829956,0.1894822118090084,0.11411033638520919,0.2140539876296992
other,83,706,42,226014.15625,0.8310447335243225,0.9714921712875366,0.1404474377632141,0.16912696326908042,-0.032245358057246584,0.20239851237943118
other,84,700,45,147466.546875,0.8441530466079712,0.9391095042228699,0.09495645761489868,0.11156439434535806,-0.03778761457044809,0.17450860734894844
other,85,822,45,151091.84375,0.851179838180542,0.9421717524528503,0.09099191427230835,0.1067084946150033,-0.030035898911648488,0.1657114542316435
other,86,926,43,187285.96875,0.8611093163490295,0.9693748950958252,0.10826557874679565,0.12545308965540627,0.045916066456802435,0.16036353498046474
other,87,1235,45,300983.1875,0.8718812465667725,0.8818680047988892,0.0099867582321167,0.011291070601046048,-0.24123015238755396,0.13741065134565367
other,88,1482,47,232463.40625,0.8809656500816345,0.9448352456092834,0.06386959552764893,0.07250055155656433,-0.07970271140308195,0.12914844371105244
other,89,805,45,198920.15625,0.8914716839790344,0.9432321190834045,0.05176043510437012,0.05827397197096159,-0.07315803009172536,0.11818292056774313
other,90,796,47,162026.046875,0.9040324091911316,0.8606710433959961,-0.0433613657951355,-0.04858592356532623,-0.2664831008716437,0.09533865888010111
other,91,1460,48,226352.4375,0.911152184009552,0.9481520652770996,0.03699988126754761,0.04056608393307269,-0.08759123085230872,0.09692684026425047
other,92,1008,48,210743.5625,0.9213045239448547,0.9784248471260071,0.057120323181152344,0.06207768291667803,0.02011983611420016,0.08555714928447929
other,93,948,44,187987.3125,0.9314616918563843,0.9846509099006653,0.053189218044281006,0.057095103080134116,0.009674312177943008,0.07353496948376999
other,94,843,46,180398.125,0.9424049258232117,0.9896506667137146,0.04724574089050293,0.050115845967020727,0.022628535231764807,0.0612717118706877
other,95,942,47,154977.546875,0.952773928642273,0.9794940948486328,0.026720166206359863,0.02809400711565855,-0.03002958602836877,0.05005394194297814
other,96,893,49,183546.0,0.9647494554519653,0.9920743703842163,0.027324914932250977,0.028249084661125416,0.016038662616243475,0.03505399580615891
other,97,924,49,217683.203125,0.9751555323600769,0.9759240746498108,0.0007685422897338867,0.000691543102772861,-0.06539332721138327,0.025952785868996756
other,98,910,48,263866.40625,0.9842175245285034,0.9652263522148132,-0.018991172313690186,-0.019372414525306865,-0.10352241577891262,0.016755675921960995
other,99,779,50,502886.5625,0.9906225204467773,0.9840534329414368,-0.006569087505340576,-0.006644277164786095,-0.10307884270563404,0.009775591604877093
