sport,bucket,fills,usd,capital_usd,avg_price,won_pct,fills_won_pct,edge_pts,roi_after_fee,ci_lo,ci_hi
tennis,"[0.5, 0.55)",748186,84248208.0,85635248.0,0.5220767855644226,0.5319479703903198,0.5193842053413391,0.009871184825897217,0.0021121214194051697,-0.042073389810292725,0.047352073570967365
tennis,"[0.55, 0.6)",742128,94210672.0,95615440.0,0.5728081464767456,0.5533449053764343,0.5631252527236938,-0.01946324110031128,-0.04818880450738611,-0.08880138429162526,-0.008385202302107975
tennis,"[0.6, 0.65)",856322,108502984.0,109889104.0,0.6236880421638489,0.6196511387825012,0.6204943656921387,-0.004036903381347656,-0.01905865119237426,-0.06156094323471372,0.022140692285964818
tennis,"[0.65, 0.7)",662561,91276016.0,92247504.0,0.6785774230957031,0.6687096357345581,0.6645606756210327,-0.00986778736114502,-0.024875844746267393,-0.06588926956696209,0.016979696825634112
tennis,"[0.7, 0.75)",492910,72453728.0,73100552.0,0.7255496382713318,0.7239340543746948,0.7102716565132141,-0.0016155838966369629,-0.011008558611857528,-0.04861829295246099,0.022802109498133605
tennis,"[0.75, 0.8)",545367,86824112.0,87477184.0,0.7729771733283997,0.7714589834213257,0.7580766677856445,-0.0015181899070739746,-0.009533753037353272,-0.05643941753590367,0.03267148347384303
tennis,"[0.8, 0.85)",515744,97489624.0,98075096.0,0.8210503458976746,0.858759880065918,0.8099367022514343,0.03770953416824341,0.04005269000408369,-0.00012215792866326642,0.07506933172321387
tennis,"[0.85, 0.9)",506468,103372040.0,103791296.0,0.8756564259529114,0.8820585012435913,0.872195303440094,0.006402075290679932,0.003540361346361008,-0.01885630494211358,0.02443159613520254
tennis,"[0.9, 0.925)",249179,38342176.0,38449112.0,0.9144672155380249,0.8820769190788269,0.9049438238143921,-0.032390296459198,-0.03798818199843074,-0.0927754377977446,0.0014183147237367213
tennis,"[0.925, 0.95)",250108,55500780.0,55610384.0,0.9394635558128357,0.933838427066803,0.9313336610794067,-0.005625128746032715,-0.007953353284187205,-0.024560065228567688,0.006015716593367647
tennis,"[0.95, 0.96)",68744,18678340.0,18702864.0,0.9586236476898193,0.95154869556427,0.9563598036766052,-0.007074952125549316,-0.008671867094759754,-0.027103885658160763,0.006871426496315836
tennis,"[0.96, 0.97)",30658,10688756.0,10700428.0,0.9664018750190735,0.9583389163017273,0.9690782427787781,-0.008062958717346191,-0.009408692001910884,-0.03464329899282848,0.009440339844135032
tennis,"[0.97, 0.98)",64995,25038636.0,25060660.0,0.9737856984138489,0.9687756299972534,0.9686129689216614,-0.005010068416595459,-0.006003725865700765,-0.0237250833343838,0.007296791712728844
tennis,"[0.98, 0.99)",65074,24900740.0,24914288.0,0.9832237958908081,0.9763237833976746,0.9769185781478882,-0.006900012493133545,-0.007565785990865827,-0.02564241756874622,0.003758882172300611
tennis,"[0.99, 1.0)",66547,35737048.0,35741352.0,0.9958487749099731,0.9925946593284607,0.9917201399803162,-0.003254115581512451,-0.0033803322186962744,-0.009261620481859684,0.0010976457390443933
esports,"[0.5, 0.55)",657657,91924912.0,93168448.0,0.5217699408531189,0.509584903717041,0.504848301410675,-0.01218503713607788,-0.03595543250893894,-0.08805384005254069,0.014059609022001126
esports,"[0.55, 0.6)",648759,103530544.0,104840600.0,0.5714163184165955,0.5490710735321045,0.5555283427238464,-0.022345244884490967,-0.051498509408844484,-0.11467622161957501,0.009103931977730864
esports,"[0.6, 0.65)",714234,119256528.0,120546432.0,0.6250801086425781,0.6561548709869385,0.6143434643745422,0.03107476234436035,0.03882437557760319,-0.016810569241258035,0.09384844273934956
esports,"[0.65, 0.7)",562414,94110792.0,94974616.0,0.6781988143920898,0.7141786813735962,0.6730557680130005,0.03597986698150635,0.04357440767206536,0.001749124489778267,0.08376372921071955
esports,"[0.7, 0.75)",401315,73214704.0,73756192.0,0.7261005640029907,0.751775324344635,0.7247947454452515,0.025674760341644287,0.027416414117838114,-0.017040449281198196,0.07294186951240551
esports,"[0.75, 0.8)",419620,74578344.0,75041392.0,0.7703219652175903,0.7479067444801331,0.7525975704193115,-0.022415220737457275,-0.03568792197889425,-0.07840698612871726,0.003991908911972536
esports,"[0.8, 0.85)",367045,66196564.0,66512236.0,0.8211986422538757,0.8365493416786194,0.8140064477920532,0.015350699424743652,0.014143885730416545,-0.017314852453952482,0.042476967905559784
esports,"[0.85, 0.9)",358301,74830160.0,75065360.0,0.8757391571998596,0.8677783608436584,0.8631513714790344,-0.007960796356201172,-0.012543655886020464,-0.0586318316089218,0.024890347257065546
esports,"[0.9, 0.925)",103001,22476148.0,22529182.0,0.9140875935554504,0.9076642394065857,0.904486358165741,-0.006423354148864746,-0.00931791998438443,-0.04103020307011658,0.019180448327871698
esports,"[0.925, 0.95)",137213,32741632.0,32791798.0,0.9400779604911804,0.9414801597595215,0.9313403367996216,0.0014021992683410645,-1.4656027569604875e-05,-0.021570408051911624,0.016556886646497085
esports,"[0.95, 0.96)",37661,9439854.0,9450282.0,0.9580652117729187,0.946739137172699,0.9454607963562012,-0.011326074600219727,-0.012903004842977057,-0.036167314405666076,0.006429917099338109
esports,"[0.96, 0.97)",17848,7081203.5,7087884.0,0.9664653539657593,0.9531775116920471,0.9550089836120605,-0.013287842273712158,-0.014656185185840474,-0.051432465150430456,0.011396357168505495
esports,"[0.97, 0.98)",35079,13202102.0,13210750.0,0.9738937020301819,0.9551591277122498,0.9647367596626282,-0.01873457431793213,-0.019914074254411,-0.04655583641169397,0.0019047388612954618
esports,"[0.98, 0.99)",40664,22369730.0,22378372.0,0.985233724117279,0.9826066493988037,0.9817774891853333,-0.002627074718475342,-0.0030229600211216312,-0.01261226643235167,0.004671504096936314
esports,"[0.99, 1.0)",58334,55351600.0,55356408.0,0.9962196350097656,0.9955362677574158,0.9922000765800476,-0.0006833672523498535,-0.00077196577043104,-0.0039615861660799185,0.0017000145480195754
basketball,"[0.5, 0.55)",646460,129938304.0,130394960.0,0.5225133895874023,0.4927404224872589,0.5118274688720703,-0.029772967100143433,-0.059989386982152476,-0.1348885280543958,0.012041343806743725
basketball,"[0.55, 0.6)",661076,139818688.0,140335616.0,0.5703938603401184,0.5603088736534119,0.5526822805404663,-0.010084986686706543,-0.02117815801776483,-0.10627044994138374,0.059153353168390994
basketball,"[0.6, 0.65)",737600,158050480.0,158536016.0,0.6243640780448914,0.5861188769340515,0.5909937620162964,-0.038245201110839844,-0.06382532571476292,-0.1374729518574988,0.014726520432181412
basketball,"[0.65, 0.7)",626796,152945136.0,153382240.0,0.6807329654693604,0.6641042828559875,0.6686689257621765,-0.016628682613372803,-0.02767128789018301,-0.10772141720804075,0.049668611096451556
basketball,"[0.7, 0.75)",410651,106419656.0,106662584.0,0.7264864444732666,0.7576510310173035,0.7197693586349487,0.031164586544036865,0.03985062507435032,-0.026274846320133053,0.09904396019585185
basketball,"[0.75, 0.8)",459381,125757960.0,126010376.0,0.7707749605178833,0.7816278338432312,0.7613962888717651,0.0108528733253479,0.012260070185562372,-0.05151017991175096,0.06542132795661595
basketball,"[0.8, 0.85)",439153,117499928.0,117639680.0,0.8212689757347107,0.7900151610374451,0.7872609496116638,-0.031253814697265625,-0.03895978664684807,-0.09499356154584046,0.011369675530169703
basketball,"[0.85, 0.9)",403654,127432832.0,127580832.0,0.874932587146759,0.8369942903518677,0.8515535593032837,-0.03793829679489136,-0.044210756043890215,-0.09353931105353877,0.002877097517700054
basketball,"[0.9, 0.925)",126483,40208580.0,40246112.0,0.914166271686554,0.8999555110931396,0.9131345748901367,-0.014210760593414307,-0.016399934500647258,-0.050152132685801376,0.014189589624902925
basketball,"[0.925, 0.95)",168224,56807756.0,56847112.0,0.9401982426643372,0.9267953038215637,0.9428440928459167,-0.013402938842773438,-0.014955333255736409,-0.06027983597404072,0.01614939967603598
basketball,"[0.95, 0.96)",42917,18263068.0,18271390.0,0.9584391713142395,0.9449852705001831,0.9653750061988831,-0.013453900814056396,-0.014471648483167747,-0.04136261157596307,0.008301538415725744
basketball,"[0.96, 0.97)",18586,9598942.0,9602180.0,0.9666670560836792,0.9760541319847107,0.9757344126701355,0.009387075901031494,0.00933677775407727,-0.004159497191449236,0.01997766010542425
basketball,"[0.97, 0.98)",45442,22130032.0,22136404.0,0.9734418988227844,0.9686213731765747,0.9778178930282593,-0.004820525646209717,-0.005237456045288559,-0.02405567941651954,0.009134225550165319
basketball,"[0.98, 0.99)",55989,35581352.0,35586256.0,0.9847673177719116,0.9861979484558105,0.9836217761039734,0.0014306306838989258,0.0013214951789734296,-0.005373402952868338,0.007005091921598197
basketball,"[0.99, 1.0)",97886,120117600.0,120121120.0,0.9964385628700256,0.9959008097648621,0.9890178442001343,-0.0005377531051635742,-0.000573510139169819,-0.0033269391307851324,0.0015363019861809489
american_football,"[0.5, 0.55)",104328,46857308.0,46901528.0,0.5220528841018677,0.4902048707008362,0.5526416897773743,-0.031848013401031494,-0.060701117114674616,-0.23270363618653994,0.10879976504887875
american_football,"[0.55, 0.6)",99308,49317384.0,49421688.0,0.5691742300987244,0.5853947401046753,0.5795505046844482,0.016220510005950928,0.025896815484987266,-0.13834175427375525,0.18168623235858075
american_football,"[0.6, 0.65)",124220,66958296.0,67011392.0,0.6260123252868652,0.6338707208633423,0.6221703290939331,0.00785839557647705,0.01052133995422396,-0.14306001501006882,0.15562834025646025
american_football,"[0.65, 0.7)",97435,47703304.0,47761056.0,0.6805975437164307,0.6983360052108765,0.693949818611145,0.0177384614944458,0.023744883168133998,-0.1530215792099899,0.16735028256547496
american_football,"[0.7, 0.75)",61303,33876792.0,33937936.0,0.7235854864120483,0.7804273962974548,0.7291812896728516,0.056841909885406494,0.07593263264458876,-0.05830143922149249,0.1792621996587003
american_football,"[0.75, 0.8)",75624,47574280.0,47594356.0,0.7701293230056763,0.7438296675682068,0.7475007772445679,-0.026299655437469482,-0.033761720326918314,-0.15180169221256506,0.07225531219118755
american_football,"[0.8, 0.85)",63197,33384250.0,33403174.0,0.8188158273696899,0.750596821308136,0.7908128499984741,-0.06821900606155396,-0.08492881369974231,-0.19399587178805514,0.009943397574654964
american_football,"[0.85, 0.9)",56635,36779244.0,36795200.0,0.8751571774482727,0.9239092469215393,0.9027280211448669,0.0487520694732666,0.055279402532810024,0.011694445354973666,0.09048889037836802
american_football,"[0.9, 0.925)",16340,10439542.0,10442402.0,0.9141027331352234,0.9023476243019104,0.9124234914779663,-0.011755108833312988,-0.012748351459845519,-0.08674663265768501,0.04563625699131245
american_football,"[0.925, 0.95)",23058,14469775.0,14475078.0,0.9400015473365784,0.9499438405036926,0.9491716623306274,0.009942293167114258,0.010208622125284221,-0.025787617580840267,0.03744384996117239
american_football,"[0.95, 0.96)",7035,4098864.5,4099505.25,0.958183765411377,0.9663078784942627,0.9657427072525024,0.008124113082885742,0.008360902673265702,-0.02065879125223275,0.02978357824017982
american_football,"[0.96, 0.97)",2563,2369647.0,2369910.75,0.9669011831283569,0.9695349931716919,0.9793211221694946,0.002633810043334961,0.0026279122111878277,-0.040201913842724854,0.031631448012765746
american_football,"[0.97, 0.98)",6648,4814926.0,4815278.0,0.9737555384635925,0.9815817475318909,0.9756317734718323,0.00782620906829834,0.00795591718732598,-0.007035230340872266,0.019285665580761016
american_football,"[0.98, 0.99)",8094,8155288.5,8155620.0,0.9842959046363831,0.9922770857810974,0.9857919216156006,0.007981181144714355,0.008065159677059754,-0.00036106336674015437,0.013589669521412438
american_football,"[0.99, 1.0)",13476,27992456.0,27992728.0,0.9965750575065613,0.9974660873413086,0.992950439453125,0.0008910298347473145,0.0008862788547944946,-0.002201656336762611,0.0029713856384436447
soccer,"[0.5, 0.55)",926874,228800864.0,231617760.0,0.5202793478965759,0.5242354273796082,0.4922977685928345,0.0039560794830322266,-0.0038052675827441908,-0.11049525106329594,0.10120727836258928
soccer,"[0.55, 0.6)",896542,223450080.0,225847424.0,0.5725273489952087,0.5947393178939819,0.5778568983078003,0.022211968898773193,0.025897912558618424,-0.09865570751539796,0.13790734150729528
soccer,"[0.6, 0.65)",957532,294321792.0,297102784.0,0.6250643134117126,0.6525418162345886,0.6488848328590393,0.027477502822875977,0.03530871116213915,-0.08293756273696608,0.14578298944536006
soccer,"[0.65, 0.7)",739739,194841696.0,196357552.0,0.678148627281189,0.6330867409706116,0.6842102408409119,-0.04506188631057739,-0.07508483319635251,-0.20999585161069215,0.04936105535440237
soccer,"[0.7, 0.75)",568838,148300064.0,149319504.0,0.72538822889328,0.7154486179351807,0.6967414021492004,-0.009939610958099365,-0.020719622746465022,-0.12297061914027871,0.07046527376893594
soccer,"[0.75, 0.8)",645075,168287216.0,169278464.0,0.7708874344825745,0.8055046200752258,0.7512862682342529,0.03461718559265137,0.03903053892448917,-0.0320115049671488,0.10237509301675009
soccer,"[0.8, 0.85)",626048,141155216.0,141870608.0,0.8217609524726868,0.8016378283500671,0.7864412665367126,-0.02012312412261963,-0.02866630616362434,-0.11048812173704123,0.04314890364727017
soccer,"[0.85, 0.9)",623854,156343296.0,156870944.0,0.875647783279419,0.8583784699440002,0.8589814305305481,-0.0172693133354187,-0.02326189394404848,-0.09990926987521964,0.031975112949417246
soccer,"[0.9, 0.925)",213001,58525128.0,58672252.0,0.9143511652946472,0.8723538517951965,0.8673856258392334,-0.041997313499450684,-0.04815309884293942,-0.15013222628190578,0.023504573606611595
soccer,"[0.925, 0.95)",315505,84648456.0,84794808.0,0.9396312832832336,0.9284677505493164,0.927513062953949,-0.011163532733917236,-0.01350605109867349,-0.05467947791149987,0.0194935767871351
soccer,"[0.95, 0.96)",105163,31218380.0,31254934.0,0.958257794380188,0.9512192606925964,0.9486701488494873,-0.007038533687591553,-0.008476792766963132,-0.039418610262946636,0.014314174917449485
soccer,"[0.96, 0.97)",57366,19848168.0,19868070.0,0.9658944606781006,0.9629891514778137,0.9691454768180847,-0.0029053092002868652,-0.00403555977700518,-0.031969864856588155,0.014798660752874901
soccer,"[0.97, 0.98)",107220,43852860.0,43888528.0,0.9739802479743958,0.9774898886680603,0.9715538024902344,0.0035096406936645508,0.0027593986126374635,-0.01272858314273423,0.013721739396674227
soccer,"[0.98, 0.99)",107850,45205028.0,45225884.0,0.9842851161956787,0.9862269163131714,0.9832174181938171,0.0019418001174926758,0.00150246832035895,-0.006572609890715516,0.007941248354050181
soccer,"[0.99, 1.0)",160407,103185952.0,103196976.0,0.9959051609039307,0.9979314208030701,0.995872974395752,0.0020262598991394043,0.0019336565436993854,0.0003781292482480293,0.003100874933338233
cricket,"[0.5, 0.55)",78230,7125248.5,7219372.0,0.5209434032440186,0.5495946407318115,0.535625696182251,0.02865123748779297,0.040768732647033276,-0.02411478020055901,0.10862522124040054
cricket,"[0.55, 0.6)",75035,7807476.0,7898059.0,0.5710214376449585,0.5552878975868225,0.5540081262588501,-0.015733540058135986,-0.03971769286158418,-0.13966956981357692,0.05726069266922405
cricket,"[0.6, 0.65)",72447,8857701.0,8942913.0,0.6241640448570251,0.6212279200553894,0.6050906181335449,-0.002936124801635742,-0.013221432851819698,-0.0999914412146242,0.07401757175723452
cricket,"[0.65, 0.7)",56434,7319732.5,7378975.0,0.6799100637435913,0.6937596201896667,0.6773044466972351,0.01384955644607544,0.011517218853790475,-0.07640689303226848,0.09558806152972642
cricket,"[0.7, 0.75)",39674,6139507.0,6182951.0,0.724781334400177,0.7277730703353882,0.7080455422401428,0.0029917359352111816,-0.002384472728790208,-0.08640828676112401,0.07518033504092836
cricket,"[0.75, 0.8)",44448,7069199.5,7110438.5,0.7719821929931641,0.7715241312980652,0.7450054287910461,-0.00045806169509887695,-0.0065880286792439026,-0.07876416018276887,0.06177670550749799
cricket,"[0.8, 0.85)",41810,7859404.0,7897876.0,0.8209916353225708,0.8474559783935547,0.8131786584854126,0.026464343070983887,0.02780882690279762,-0.03200665031914235,0.08488857261101447
cricket,"[0.85, 0.9)",47749,10485260.0,10519382.0,0.8771885633468628,0.906479001045227,0.8877254128456116,0.029290437698364258,0.029863552697970787,-0.014658467803949657,0.07009907425035172
cricket,"[0.9, 0.925)",15499,3981481.0,3989733.5,0.9141362309455872,0.8975178599357605,0.9124459624290466,-0.01661837100982666,-0.02017377942104705,-0.09468974876388893,0.03906739335615256
cricket,"[0.925, 0.95)",22431,6698826.0,6708039.0,0.9402399659156799,0.9651164412498474,0.9541260004043579,0.02487647533416748,0.025045377333627564,-0.0112188085608594,0.048275570120406064
cricket,"[0.95, 0.96)",7557,2572953.75,2575273.5,0.958372175693512,0.9742350578308105,0.9698293209075928,0.015862882137298584,0.015634450109586997,-0.010000796090573185,0.03494020026106477
cricket,"[0.96, 0.97)",4392,1655118.125,1656311.375,0.9667831063270569,0.9904791712760925,0.9806466102600098,0.023696064949035645,0.023779444116337502,0.013311475988633924,0.030364868748712127
cricket,"[0.97, 0.98)",8816,3921197.0,3923533.0,0.9737197756767273,0.9803599715232849,0.9836660623550415,0.006640195846557617,0.006231031350051854,-0.01828315679247622,0.022456467590448916
cricket,"[0.98, 0.99)",9625,5252219.0,5254101.0,0.9844149947166443,0.9885392189025879,0.9890909194946289,0.0041242241859436035,0.0038008144485979453,-0.008041503650409535,0.013395769439899811
cricket,"[0.99, 1.0)",15531,18328150.0,18329524.0,0.9966123104095459,0.9996009469032288,0.9976176619529724,0.0029886364936828613,0.0029322280466028035,0.002406926353565319,0.003396366209961274
baseball,"[0.5, 0.55)",446197,116587168.0,117894080.0,0.5208234786987305,0.4973733425140381,0.525812566280365,-0.023450136184692383,-0.055854384162601196,-0.1093334053339684,-0.004978810066513284
baseball,"[0.55, 0.6)",387710,108176864.0,109218840.0,0.5697171688079834,0.5642082691192627,0.5670088529586792,-0.005508899688720703,-0.018775964904489788,-0.08115719109429616,0.0453030403593463
baseball,"[0.6, 0.65)",335030,88648048.0,89412688.0,0.6228155493736267,0.6299824714660645,0.6091783046722412,0.007166922092437744,0.0033660377050251417,-0.05241997471915703,0.060796107365564074
baseball,"[0.65, 0.7)",207382,45702176.0,46060736.0,0.6780357956886292,0.7062082290649414,0.6816792488098145,0.028172433376312256,0.032357504450748524,-0.04133907407562961,0.09843647937824988
baseball,"[0.7, 0.75)",141512,25862720.0,26043420.0,0.7246447205543518,0.7048946619033813,0.7166529893875122,-0.01975005865097046,-0.034370818846451046,-0.09491671526501094,0.023247662575464505
baseball,"[0.75, 0.8)",160392,24498336.0,24654596.0,0.7706466317176819,0.7720491886138916,0.7625255584716797,0.0014025568962097168,-0.0037644569392751167,-0.06307005185625189,0.04475274227728842
baseball,"[0.8, 0.85)",172886,26763012.0,26899884.0,0.8229674696922302,0.7705317139625549,0.8115231990814209,-0.05243575572967529,-0.06776420391283657,-0.16728139321035962,0.0011258164234544724
baseball,"[0.85, 0.9)",178740,32000344.0,32122684.0,0.8749635815620422,0.8864104747772217,0.8710697293281555,0.011446893215179443,0.009191360387294081,-0.016717450860515255,0.03341335765844474
baseball,"[0.9, 0.925)",62273,12050635.0,12079863.0,0.9149072170257568,0.87720787525177,0.9124821424484253,-0.037699341773986816,-0.04336745995234002,-0.11677140910857461,0.010991150506764268
baseball,"[0.925, 0.95)",103276,19847696.0,19880272.0,0.9397467374801636,0.9355480074882507,0.9386594891548157,-0.004198729991912842,-0.006035966341214612,-0.02672713857923453,0.011764628477102147
baseball,"[0.95, 0.96)",34434,6290705.0,6297509.0,0.9583531618118286,0.9405055642127991,0.9590520858764648,-0.01784759759902954,-0.01968258433417058,-0.04997011200771226,0.0045166996701960956
baseball,"[0.96, 0.97)",15155,3659675.75,3663080.0,0.9664427042007446,0.9737425446510315,0.9623886346817017,0.007299840450286865,0.006626889648522655,-0.012040360592946822,0.020831147788814362
baseball,"[0.97, 0.98)",31820,7404546.0,7409923.5,0.9737157821655273,0.9617229700088501,0.9714645147323608,-0.011992812156677246,-0.01305946319250201,-0.03123027638564965,0.0017332628143643496
baseball,"[0.98, 0.99)",28647,7952038.0,7955112.5,0.9841866493225098,0.9798623919487,0.9830697774887085,-0.0043242573738098145,-0.004780050478144666,-0.024972627538621728,0.007529582248508925
baseball,"[0.99, 1.0)",39001,29765760.0,29767764.0,0.9971828460693359,0.9976245164871216,0.9898976683616638,0.00044167041778564453,0.0003782464557328863,-0.0014070501454461698,0.0017201789619381803
mma_boxing,"[0.5, 0.55)",41956,12029420.0,12174670.0,0.5188188552856445,0.504166305065155,0.5053389072418213,-0.014652550220489502,-0.04125557215515137,-0.3023865270706102,0.2431414238655844
mma_boxing,"[0.55, 0.6)",31656,9521490.0,9595473.0,0.5736094117164612,0.686148464679718,0.6085102558135986,0.11253905296325684,0.1846425316450007,-0.07554198443966005,0.3891331722554253
mma_boxing,"[0.6, 0.65)",32540,12015417.0,12132250.0,0.624748706817627,0.6402471661567688,0.6261216998100281,0.015498459339141846,0.01130934702688998,-0.20321203675061475,0.2096002172108007
mma_boxing,"[0.65, 0.7)",29767,13006281.0,13071196.0,0.6815876960754395,0.5019164681434631,0.6064769625663757,-0.17967122793197632,-0.26250797486190136,-0.5405059911601158,0.08195964672302544
mma_boxing,"[0.7, 0.75)",23122,11611927.0,11683578.0,0.7273188829421997,0.7757534384727478,0.7959519028663635,0.048434555530548096,0.05837059703633698,-0.24387287665462826,0.24965876975672355
mma_boxing,"[0.75, 0.8)",23612,9299940.0,9356268.0,0.7709977626800537,0.7844494581222534,0.7891326546669006,0.013451695442199707,0.011909605785002251,-0.19221309219774976,0.17496885618829386
mma_boxing,"[0.8, 0.85)",25708,9386832.0,9437166.0,0.814982533454895,0.40351954102516174,0.5114361047744751,-0.4114629924297333,-0.5097152839337217,-0.7610950597449937,0.1352926503541698
mma_boxing,"[0.85, 0.9)",15396,5376474.0,5393363.0,0.8753441572189331,0.8878592252731323,0.8654195666313171,0.012515068054199219,0.010539099060643004,-0.09845262916396405,0.09608508559225051
mma_boxing,"[0.9, 0.925)",4677,1489441.0,1492375.25,0.9129393100738525,0.9633347988128662,0.9170408248901367,0.05039548873901367,0.053159003527761255,0.007021959334169464,0.08205703499968313
mma_boxing,"[0.925, 0.95)",4922,1274357.75,1276442.0,0.9394774436950684,0.9216560125350952,0.9175131916999817,-0.017821431159973145,-0.020153026843020446,-0.09844780480685551,0.04049113198331429
mma_boxing,"[0.95, 0.96)",1370,379868.28125,380275.3125,0.9584575295448303,0.9625924825668335,0.9635036587715149,0.004134953022003174,0.0032710863265646905,-0.03762509285816355,0.03288461935916614
mma_boxing,"[0.96, 0.97)",463,263058.53125,263227.5,0.966339111328125,0.972883939743042,0.9654427766799927,0.006544828414916992,0.0061167232194267365,-0.03127180556523568,0.03360056547212058
mma_boxing,"[0.97, 0.98)",1179,558198.875,558519.6875,0.9733240008354187,0.9338584542274475,0.974554717540741,-0.03946554660797119,-0.04113168270713481,-0.13647276463279992,0.025906316769518704
mma_boxing,"[0.98, 0.99)",1347,932921.125,933261.75,0.9846533536911011,0.9860237240791321,0.993318498134613,0.0013703703880310059,0.0010188010994453222,-0.02997574748136357,0.015113536820563246
mma_boxing,"[0.99, 1.0)",12848,5471032.5,5471423.0,0.9970624446868896,0.984221875667572,0.9991438388824463,-0.012840569019317627,-0.013048629773991667,-0.05142789564701471,0.0033419625678351534
hockey,"[0.5, 0.55)",400091,86689824.0,86814912.0,0.5217912793159485,0.49260571599006653,0.48576948046684265,-0.029185563325881958,-0.057288822173194816,-0.13258705840309595,0.018440821978610824
hockey,"[0.55, 0.6)",340153,78568784.0,78662896.0,0.5694847106933594,0.5623095035552979,0.5489353537559509,-0.0071752071380615234,-0.012768374227231455,-0.1071278349598103,0.08158852817077938
hockey,"[0.6, 0.65)",265147,57536780.0,57626112.0,0.6220999360084534,0.5866329073905945,0.607338547706604,-0.03546702861785889,-0.059587439472681546,-0.15453552953748162,0.03613547561475327
hockey,"[0.65, 0.7)",124408,22501002.0,22525324.0,0.6781678795814514,0.6987959146499634,0.7020368576049805,0.020628035068511963,0.02735322303645775,-0.073951630864925,0.1210286513297606
hockey,"[0.7, 0.75)",84679,14898386.0,14917458.0,0.7238751649856567,0.7464791536331177,0.6751969456672668,0.022603988647460938,0.030892114238277018,-0.08687306800714925,0.13098891874349244
hockey,"[0.75, 0.8)",79796,10585998.0,10593237.0,0.7702205777168274,0.7895328998565674,0.7665923237800598,0.01931232213973999,0.025669444281198918,-0.07530536362869868,0.10758737397586086
hockey,"[0.8, 0.85)",64826,8022526.0,8030507.0,0.8203737735748291,0.8059802055358887,0.7955912947654724,-0.01439356803894043,-0.01892529647244384,-0.10122472727897842,0.052340440600381635
hockey,"[0.85, 0.9)",68962,9625846.0,9630120.0,0.8786618709564209,0.8919175267219543,0.870595395565033,0.013255655765533447,0.014718457227510744,-0.020165504585086494,0.04267151330345105
hockey,"[0.9, 0.925)",30736,4145549.0,4147220.0,0.9140014052391052,0.9407762289047241,0.9282925724983215,0.026774823665618896,0.02890785106470471,0.003744104554535781,0.04962716899907958
hockey,"[0.925, 0.95)",36467,5965478.5,5966813.0,0.9388871192932129,0.9399437308311462,0.9421942830085754,0.0010566115379333496,0.0008286592040675312,-0.04131856922079712,0.02955389846890259
hockey,"[0.95, 0.96)",10871,1865589.75,1865817.25,0.9581245183944702,0.9712291955947876,0.969092071056366,0.013104677200317383,0.01355229471579345,-0.008111974542898344,0.029092715773381114
hockey,"[0.96, 0.97)",4017,1053387.5,1053529.5,0.9660255908966064,0.9595012664794922,0.9668906927108765,-0.006524324417114258,-0.006866201300041794,-0.04818209141507086,0.022303959649506398
hockey,"[0.97, 0.98)",10412,2646255.75,2646602.75,0.9739837050437927,0.9708564877510071,0.9724356532096863,-0.0031272172927856445,-0.0033316198601218245,-0.02225403159523855,0.012202588263525013
hockey,"[0.98, 0.99)",12134,4926380.0,4926576.0,0.9858781695365906,0.9827369451522827,0.9817042946815491,-0.0031412243843078613,-0.003221859255884083,-0.012161230613741325,0.004387408902811415
hockey,"[0.99, 1.0)",18778,13828880.0,13828987.0,0.9963144063949585,0.9953423738479614,0.993236780166626,-0.0009720325469970703,-0.0009776580321066706,-0.005360951123053097,0.00199187235391559
other,"[0.5, 0.55)",14491,1424913.375,1429000.5,0.5226720571517944,0.525750458240509,0.5800151824951172,0.0030784010887145996,0.003260099323161029,-0.2513110445174412,0.2549749061233125
other,"[0.55, 0.6)",14499,1705242.125,1709846.75,0.5717867016792297,0.6409814953804016,0.6332160830497742,0.06919479370117188,0.11740828364078533,-0.21021362511733255,0.39715390693726976
other,"[0.6, 0.65)",12751,1499178.75,1503510.75,0.6266360282897949,0.6040446162223816,0.6041094660758972,-0.02259141206741333,-0.03540518806069671,-0.30815081003658334,0.2219653600570356
other,"[0.65, 0.7)",10570,1723455.5,1728246.75,0.6772584319114685,0.4601917564868927,0.5627247095108032,-0.2170666754245758,-0.3234043008484271,-0.6396772473124942,0.11046147981395626
other,"[0.7, 0.75)",6842,1148430.375,1149264.0,0.7202580571174622,0.6439129114151001,0.777404248714447,-0.07634514570236206,-0.10967520084538436,-0.5344236749557664,0.28846370603274557
other,"[0.75, 0.8)",9447,2142760.0,2143596.0,0.7738861441612244,0.9346141815185547,0.8478882312774658,0.16072803735733032,0.2070839255018534,0.10148979464002118,0.2529221016485951
other,"[0.8, 0.85)",7962,1325763.25,1326652.75,0.8220592737197876,0.9223575592041016,0.9164782762527466,0.10029828548431396,0.12134980040836835,0.029124992207306712,0.1779065328135459
other,"[0.85, 0.9)",9007,1586955.875,1587962.5,0.8749595880508423,0.8871282935142517,0.9134007096290588,0.012168705463409424,0.014073950846554885,-0.13084463426433124,0.10795425028511182
other,"[0.9, 0.925)",3529,833974.625,834775.625,0.910704493522644,0.9605542421340942,0.9467270970344543,0.049849748611450195,0.053837890950747015,-0.005072746494350545,0.09070793643118197
other,"[0.925, 0.95)",4439,809801.125,810324.1875,0.9375882744789124,0.8255048990249634,0.9792746305465698,-0.11208337545394897,-0.12152495323304695,-0.3773269125767373,0.059858218623364524
other,"[0.95, 0.96)",1351,246898.71875,247007.3125,0.9580549597740173,0.9771934747695923,0.9837157726287842,0.01913851499557495,0.019522147018551716,-0.027825541411198352,0.04075723305960538
other,"[0.96, 0.97)",715,184550.8125,184570.90625,0.9665774703025818,0.9972543120384216,0.988811194896698,0.030676841735839844,0.03162977778199466,0.025145386965278675,0.03499713289053889
other,"[0.97, 0.98)",1671,343950.25,343987.3125,0.9743451476097107,0.9844416975975037,0.9736684560775757,0.010096549987792969,0.010216159681417456,-0.028533867115905418,0.026245714790283328
other,"[0.98, 0.99)",1453,397259.4375,397312.03125,0.9842078685760498,0.9734132289886475,0.9738472104072571,-0.010794639587402344,-0.011150206495050613,-0.06781769300337516,0.016077293745419663
other,"[0.99, 1.0)",2829,1772393.875,1772472.5,0.9955088496208191,0.9952854514122009,0.987628161907196,-0.00022339820861816406,-0.0002777719099109678,-0.014576448732633557,0.005613148577626833
