band,games,avg_price,win_rate,win_minus_price,roi_before_costs,roi_after_fees,ci95,pnl_$100_per_game
50%-55%,3470,0.5232458309154899,0.5135446685878963,-0.00970116232759366,-0.01817628136649124,-0.035015719695369894,-0.065..-0.003,-12150.454734293353
55%-60%,3140,0.5711999487721815,0.5562101910828026,-0.014989757689378935,-0.02727382246895602,-0.04206700212191335,-0.072..-0.013,-13209.03866628079
60%-65%,2531,0.6207211404514421,0.6027261951797709,-0.017994945271671225,-0.028774389348042485,-0.04152307697554349,-0.071..-0.011,-10509.490782510058
65%-70%,1692,0.6723544850711879,0.6743498817966903,0.0019953967255024185,0.0025709528531839467,-0.009033886903741116,-0.042..+0.024,-1528.533664112997
70%-75%,1225,0.7203810841303674,0.7236734693877551,0.003292385257387731,0.004151368416960995,-0.00617822195999517,-0.039..+0.028,-756.8321900994084
75%-80%,994,0.7690914645693159,0.7570422535211268,-0.012049211048189123,-0.015539597555150206,-0.024726651105548926,-0.059..+0.009,-2457.829119891563
80%-85%,839,0.8205179661715137,0.8087008343265792,-0.011817131844934492,-0.014704610892310418,-0.02195316733141195,-0.054..+0.010,-1841.8707391054625
85%-90%,586,0.8706489009814846,0.8771331058020477,0.006484204820563111,0.007398266809823635,0.000563710098122432,-0.031..+0.030,33.03341174997452
90%-100%,544,0.9322925996167278,0.9338235294117647,0.0015309297950368839,0.0015156812518164753,-0.0028393716385198176,-0.025..+0.019,-154.4618171354781
