threshold,games,avg_price,win_rate,win_minus_price,roi_before_costs,roi_after_fees,ci95,pnl_$100_per_game
>= 50%,15021,0.643806378747134,0.6347446907662606,-0.009061687980873367,-0.015588174701148165,-0.028308517086515803,-0.041..-0.016,-42522.22351565539
>= 55%,11550,0.6800357213755195,0.671038961038961,-0.008996760336558496,-0.015058515377523217,-0.026533065666429486,-0.039..-0.014,-30645.690844726058
>= 60%,8411,0.7206509027158008,0.7139460230650339,-0.006704879650766937,-0.010399223426428423,-0.02063637599227231,-0.034..-0.007,-17357.25584710024
>= 65%,5880,0.7636648871371767,0.7619897959183674,-0.001675091218809377,-0.002210977012069435,-0.011374647494322997,-0.026..+0.003,-6688.292726661922
>= 70%,4188,0.800555336109396,0.7973973256924546,-0.0031580104169414147,-0.00414293148485089,-0.012320341601119687,-0.028..+0.003,-5159.759062548926
>= 75%,2963,0.8337019640791259,0.8278771515356058,-0.005824812543520075,-0.007572063236359348,-0.014859692448361512,-0.032..+0.002,-4402.926872449516
>= 80%,1969,0.8663189455482733,0.8631284916201117,-0.0031904539281615296,-0.004209428490713431,-0.01053366134727129,-0.029..+0.006,-2074.077919277717
>= 85%,1130,0.9003251594395133,0.9035398230088496,0.003214663569336307,0.0035830122481714166,-0.002054930797984555,-0.022..+0.017,-232.2071801722547
>= 90%,544,0.9322925996167278,0.9319852941176471,-0.00030730549908075666,-0.0005268024083142445,-0.004875746175040973,-0.027..+0.017,-265.24059192222893
