month,rule,delay,trades,pnl_usd,capital_usd,in_play_share,scope
2025-07,z,0,2433,-2297.9963834736436,49515.92211648982,0.7262638717632552,all
2025-07,z,1,2434,-2272.177382891447,49568.10311590762,0.7263763352506163,all
2025-07,z,5,2674,-2643.2473783455353,48544.92868692321,0.7337322363500374,all
2025-07,z,30,1934,-1971.6459205799106,50421.15657219365,0.7595656670113754,all
2025-07,whales,0,1932,2305.767164134833,49346.85146318367,0.5600414078674948,all
2025-07,whales,1,1933,2294.6560547165777,49346.851463183666,0.5597516813243663,all
2025-07,whales,5,2040,2183.512974238674,49234.758253857886,0.5696078431372549,all
2025-07,whales,30,1668,2670.861124269916,49469.72741403962,0.5851318944844125,all
2025-07,random,0,441,-702.8533608984278,13785.89401877761,0.8707482993197279,all
2025-07,random,1,443,-706.8619862838057,13785.89401877761,0.8690744920993227,all
2025-07,random,5,434,3900.4881814991923,13785.541292343314,0.868663594470046,all
2025-07,random,30,424,-245.30081495533554,13309.456852997613,0.8702830188679245,all
2025-08,z,0,1418,1814.5758085369216,35766.82233894496,0.8843441466854725,all
2025-08,z,1,1419,1814.5708086012946,35766.8273388806,0.8844256518675123,all
2025-08,z,5,1416,1750.564583038951,36116.42647269068,0.8848870056497176,all
2025-08,z,30,1252,495.80229234911866,36495.590128532436,0.8801916932907349,all
2025-08,whales,0,1801,1396.6065685109852,61679.86576001116,0.6418656302054414,all
2025-08,whales,1,1795,1220.9554445416281,61692.915760082695,0.6401114206128133,all
2025-08,whales,5,1823,251.31206930350766,61807.263384846374,0.6417992320351069,all
2025-08,whales,30,1825,1620.2211689659496,61538.53175198609,0.6493150684931507,all
2025-08,random,0,424,734.9593001984481,17131.105165283872,0.6202830188679245,all
2025-08,random,1,424,734.9593001984481,17131.105165283872,0.6202830188679245,all
2025-08,random,5,427,1027.0296263541063,17294.12665323945,0.6276346604215457,all
2025-08,random,30,418,2066.492088281629,16993.484811380178,0.6267942583732058,all
2025-09,z,0,1289,65.71759620526439,43506.257581315134,0.8805275407292474,all
2025-09,z,1,1291,85.4828876590667,43544.16757787524,0.8799380325329202,all
2025-09,z,5,1329,-296.67643042689883,43077.64891856877,0.8796087283671934,all
2025-09,z,30,1239,1196.762038131704,44077.180335081866,0.8684422921711057,all
2025-09,whales,0,1694,1083.9082695915563,62109.441945311555,0.4881936245572609,all
2025-09,whales,1,1696,1089.9082698299756,62153.44194507314,0.4876179245283019,all
2025-09,whales,5,1684,1068.6546718169639,61872.83974638003,0.48931116389548696,all
2025-09,whales,30,1567,1971.565154575238,62068.38942230346,0.4901084875558392,all
2025-09,random,0,474,-2019.9479324109016,19498.47536059322,0.4430379746835443,all
2025-09,random,1,475,-2039.0971281325546,19517.62455631487,0.4442105263157895,all
2025-09,random,5,454,-2822.6123810165495,19772.276391734442,0.4581497797356828,all
2025-09,random,30,448,-1756.419246450582,18874.257658645714,0.45535714285714285,all
2025-10,z,0,1221,1302.631336723654,48161.771679567755,0.6912366912366913,all
2025-10,z,1,1223,1321.6091122973844,48161.771679567755,0.6901062959934587,all
2025-10,z,5,1249,2416.1087888220254,47544.855320004644,0.6853482786228983,all
2025-10,z,30,1304,2533.8033750985824,45980.11506049354,0.7108895705521472,all
2025-10,whales,0,2353,941.645531240034,73277.75523161424,0.18189545261368467,all
2025-10,whales,1,2356,1162.2520836693784,73277.75523161422,0.18166383701188454,all
2025-10,whales,5,2404,1149.4466827414003,73067.16541325473,0.19051580698835274,all
2025-10,whales,30,2375,-832.5102713678316,73002.54414027966,0.19873684210526316,all
2025-10,random,0,2029,-2563.708951079088,53792.81642977828,0.24297683587974372,all
2025-10,random,1,2033,-2508.62371452062,53792.81642977828,0.24249877029021152,all
2025-10,random,5,2023,-2533.785627136747,53365.77613492377,0.24270884824518044,all
2025-10,random,30,2038,-2604.7570193860456,53101.26101756666,0.2522080471050049,all
2025-11,z,0,2810,-1521.3575366892824,76039.85599361011,0.8765124555160142,all
2025-11,z,1,2803,-1434.0500544433162,76059.85599038508,0.8751337852301107,all
2025-11,z,5,2929,-2404.0969170289577,74831.348324727,0.8798224650051212,all
2025-11,z,30,2821,-1869.105268576268,75679.35977099737,0.8780574264445232,all
2025-11,whales,0,4816,872.3122161305446,103859.26456863737,0.2900747508305648,all
2025-11,whales,1,4819,847.3937073227698,103859.26456863739,0.2898941689147126,all
2025-11,whales,5,5045,683.239044618861,103940.88596295922,0.28662041625371654,all
2025-11,whales,30,4660,365.899823705312,103777.8550908215,0.29871244635193134,all
2025-11,random,0,918,842.2204209642641,28472.643617528687,0.46187363834422657,all
2025-11,random,1,920,773.1854178995968,28541.678620593353,0.4608695652173913,all
2025-11,random,5,877,-1039.6453443749442,29914.807388565765,0.4618015963511973,all
2025-11,random,30,835,602.8906930318703,29248.771192192562,0.4682634730538922,all
2025-12,z,0,2234,485.6017964326659,60089.887069346434,0.8178155774395702,all
2025-12,z,1,2235,301.55749639008405,60089.887069346434,0.8174496644295302,all
2025-12,z,5,2264,-1325.063299388751,58832.132382416035,0.8228798586572438,all
2025-12,z,30,2233,1085.6794608113282,59208.24978163489,0.8181818181818182,all
2025-12,whales,0,6731,7915.399767802526,113863.28052494509,0.08824840291190017,all
2025-12,whales,1,6708,7546.58178395522,113863.28052494509,0.08870005963029219,all
2025-12,whales,5,6384,5310.489407046306,113674.98918344997,0.09837092731829573,all
2025-12,whales,30,6020,6080.492217998409,113634.1192508532,0.11993355481727574,all
2025-12,random,0,1273,-97.91818779350075,36693.997646137315,0.6347211311861743,all
2025-12,random,1,1274,-97.94118749738504,36694.0206458412,0.6350078492935636,all
2025-12,random,5,1289,756.8816344040814,37272.322948965346,0.6408068269976727,all
2025-12,random,30,1271,801.5773330102784,36870.90553416779,0.6349331235247836,all
2026-01,z,0,2609,-2040.1036092155819,56782.21003639762,0.7750095822154082,all
2026-01,z,1,2605,-2113.171236282934,56878.21563901924,0.7738963531669866,all
2026-01,z,5,2857,-1806.1025858523221,53822.25723942134,0.7913895694784739,all
2026-01,z,30,2699,-2355.079602974304,55806.63006872042,0.7865876250463134,all
2026-01,whales,0,14167,-4807.948447444414,201952.32003661085,0.2765581986306205,all
2026-01,whales,1,14155,-4814.022079941689,201952.32003661082,0.27672200635817734,all
2026-01,whales,5,13668,-3470.292037455837,201921.99655776707,0.3062628036289142,all
2026-01,whales,30,11889,-1393.3446337676103,201555.56872488052,0.31844562200353266,all
2026-01,random,0,3680,1319.296636945357,89010.43899379257,0.11739130434782609,all
2026-01,random,1,3677,1337.6251490284708,89013.2389938045,0.11748708186021213,all
2026-01,random,5,3810,722.5736759402357,88230.06520983219,0.1115485564304462,all
2026-01,random,30,3754,245.72353636269304,87017.16844696092,0.1121470431539691,all
2026-02,z,0,2039,924.6561367487159,44663.63108904736,0.8523786169691026,all
2026-02,z,1,2039,924.6561367487159,44663.63108904736,0.8523786169691026,all
2026-02,z,5,2119,296.3157087210477,42374.346743777525,0.8532326569136385,all
2026-02,z,30,1982,-3524.0165061862135,45228.94095591003,0.8506559031281534,all
2026-02,whales,0,17759,-1280.510729756774,250384.44038274806,0.37209302325581395,all
2026-02,whales,1,17766,-1353.3535710596918,250384.44038274806,0.37194641449960597,all
2026-02,whales,5,16995,285.0723771554492,250162.88819510935,0.37987643424536627,all
2026-02,whales,30,14882,-2787.4335052615015,250562.3267603472,0.37837656229001476,all
2026-02,random,0,2733,-3406.2379496037934,52928.14933467253,0.6520307354555434,all
2026-02,random,1,2733,-3406.2379496037934,52928.14933467253,0.6520307354555434,all
2026-02,random,5,2629,-3346.9665163609643,53963.36292164108,0.6451122099657665,all
2026-02,random,30,2376,-2629.748199120273,55564.82124229738,0.6325757575757576,all
2026-03,z,0,413,-1410.0980321515658,8941.158970801873,0.8450363196125908,all
2026-03,z,1,413,-1410.0980321515658,8941.158970801873,0.8450363196125908,all
2026-03,z,5,411,-433.5394078058282,9469.881782980581,0.8418491484184915,all
2026-03,z,30,418,-190.43270827490528,9912.178388662342,0.84688995215311,all
2026-03,whales,0,8624,2896.1176614228466,101476.52760841991,0.4654452690166976,all
2026-03,whales,1,8617,2893.045305333672,101476.52760841991,0.46582337240338867,all
2026-03,whales,5,8059,2158.143353674215,101385.58419171438,0.4495594986971088,all
2026-03,whales,30,6830,-800.5140602307611,100989.69066664905,0.43513909224011715,all
2026-03,random,0,627,-295.21685888082345,12430.27289691027,0.8484848484848485,all
2026-03,random,1,627,-295.21685888082345,12430.27289691027,0.8484848484848485,all
2026-03,random,5,620,-603.428132001106,14052.731945198373,0.8564516129032258,all
2026-03,random,30,598,-481.62036900842315,14293.845026853127,0.8561872909698997,all
2026-04,z,0,3031,-243.00703858694874,55974.621687825864,0.885186407126361,all
2026-04,z,1,3030,-593.7050581171206,56011.83142610604,0.8854785478547855,all
2026-04,z,5,3013,-406.9799252789305,58096.775046460585,0.886491868569532,all
2026-04,z,30,2929,-1907.868181553973,57818.00722319538,0.8815295322635712,all
2026-04,whales,0,24429,6018.992774188606,316465.920559046,0.5448851774530271,all
2026-04,whales,1,24436,5993.9477504679835,316475.8105062747,0.5447290882304796,all
2026-04,whales,5,23292,6085.735443284658,316140.54171383946,0.537952945217242,all
2026-04,whales,30,21807,9873.363856779559,319034.8130326534,0.5366166827165589,all
2026-04,random,0,8430,-1847.896696348077,151323.59629291957,0.9166073546856465,all
2026-04,random,1,8432,-1852.4321490405052,151329.64567760166,0.9163899430740038,all
2026-04,random,5,8453,-3005.2258127266327,148289.5661291727,0.9168342600260263,all
2026-04,random,30,8140,-6798.793860194698,150865.26598988165,0.9104422604422604,all
2026-05,z,0,1804,-974.6929372673058,33245.697542511676,0.9767184035476718,all
2026-05,z,1,1834,-1559.0180881745632,32827.40505939888,0.9770992366412213,all
2026-05,z,5,1860,-279.76558185380054,33126.951406384076,0.9806451612903225,all
2026-05,z,30,1695,557.0933536852522,33559.32313965085,0.9787610619469026,all
2026-05,whales,0,25272,-1463.6604996707201,273461.0521899541,0.6125751820196265,all
2026-05,whales,1,24766,2300.431622566557,272950.07911368884,0.6178228216102721,all
2026-05,whales,5,22453,2629.2536895752937,274022.3952664837,0.6195608604640805,all
2026-05,whales,30,20377,-2027.479875875466,276253.96180646494,0.5953771408941454,all
2026-05,random,0,1643,1561.1687573063266,35894.07628740973,0.7875836883749239,all
2026-05,random,1,1632,1563.529114547933,35947.63503468188,0.7867647058823529,all
2026-05,random,5,1696,843.1423915281964,35237.00011233568,0.7948113207547169,all
2026-05,random,30,1591,1869.9369694036764,35494.73012271978,0.7787554996857322,all
2026-06,z,0,1279,-72.99608491902717,35940.30616684661,0.9421422986708365,all
2026-06,z,1,1282,711.4510127255805,35872.124184196786,0.9391575663026521,all
2026-06,z,5,1300,208.06755503974227,35166.281954783095,0.94,all
2026-06,z,30,1316,384.3025806416378,35370.41608326782,0.9407294832826748,all
2026-06,whales,0,14072,348.7046737289361,218352.43173792103,0.5277146105741899,all
2026-06,whales,1,13900,2779.5547170488953,218461.90574776367,0.5293525179856116,all
2026-06,whales,5,13382,1995.7534792797665,218861.87683555554,0.5222687191750112,all
2026-06,whales,30,12564,-987.2715566286411,218870.1152432888,0.528414517669532,all
2026-06,random,0,774,-524.130475512343,18346.55714812177,0.710594315245478,all
2026-06,random,1,778,-632.1374059418173,17894.243214764458,0.7082262210796915,all
2026-06,random,5,780,-1354.0021861699292,18186.82227357226,0.7128205128205128,all
2026-06,random,30,775,1025.705676480733,17772.876030588795,0.7148387096774194,all
2026-07,z,0,1914,-322.14755596348255,37327.35812227278,0.9670846394984326,all
2026-07,z,1,1926,-41.50611030524141,37379.462201665905,0.9693665628245067,all
2026-07,z,5,1822,-616.3880395934145,38586.75314022734,0.9659714599341384,all
2026-07,z,30,1811,3239.7968680142185,38164.56930518344,0.9635560463832137,all
2026-07,whales,0,20874,421.05937287271763,315715.915605446,0.47015425888665324,all
2026-07,whales,1,20533,-1525.8538918309819,315824.37530572165,0.47377392490137826,all
2026-07,whales,5,19418,-1392.0376429565922,315715.5066360202,0.4645174580286332,all
2026-07,whales,30,18680,-5672.546755414227,316349.5003608559,0.4753747323340471,all
2026-07,random,0,883,965.3059307803239,21714.844890681394,0.8187995469988675,all
2026-07,random,1,876,926.2854661111554,21459.717475164158,0.817351598173516,all
2026-07,random,5,879,3056.444760673063,22186.96118757323,0.8088737201365188,all
2026-07,random,30,899,-569.6340836077276,21935.386057821037,0.8086763070077865,all
2026-08,z,0,821,-2073.1537470181993,20573.097616029227,0.8282582216808769,all
2026-08,z,1,837,-2757.2116896564185,20622.93347541674,0.8327359617682198,all
2026-08,z,5,835,-1563.248378884572,20691.850673230212,0.8347305389221557,all
2026-08,z,30,809,-2635.3247002207545,20337.470741081783,0.8281829419035847,all
2026-08,whales,0,26650,-2851.519538067539,392076.967894753,0.46866791744840525,all
2026-08,whales,1,26036,-7757.595286464068,392327.359800391,0.47876017821477956,all
2026-08,whales,5,23656,-6601.506323457815,392952.73700254294,0.4742560027054447,all
2026-08,whales,30,21576,-13893.395358581332,392863.1598728439,0.4831757508342603,all
2026-08,random,0,294,-1254.9222986678228,7934.664259149258,0.8333333333333334,all
2026-08,random,1,294,-1341.2585593281146,7699.939446958259,0.8333333333333334,all
2026-08,random,5,293,-1470.3896591556647,7646.807176035722,0.8327645051194539,all
2026-08,random,30,299,-1267.0918578890096,7249.62175838419,0.842809364548495,all
2025-07,z,0,53,-55.769333002226574,2702.5364976681076,0.0,pregame
2025-07,z,60,41,-71.29804856049722,1512.3968965140496,0.0,pregame
2025-07,z,300,38,-183.22784300235938,1450.8603923060246,0.0,pregame
2025-07,random,0,408,989.0838851266817,14055.881370607727,0.0,pregame
2025-07,random,60,314,260.1001518339916,13956.264142709742,0.0,pregame
2025-07,random,300,299,67.8853855177615,14043.947854110687,0.0,pregame
2025-08,z,0,58,-442.3342992319509,1612.7669735787797,0.0,pregame
2025-08,z,60,46,-484.9551651314465,2293.1833892621485,0.0,pregame
2025-08,z,300,43,-319.6827808263148,1838.42989347526,0.0,pregame
2025-08,random,0,263,145.47790190633577,13828.293851872739,0.0,pregame
2025-08,random,60,243,135.9697894273263,13151.756404872547,0.0,pregame
2025-08,random,300,239,-1014.4334970807724,13052.576252842828,0.0,pregame
2025-09,z,0,163,313.11858916000176,8764.77866340215,0.0,pregame
2025-09,z,60,158,-391.7102855231075,8587.74907699104,0.0,pregame
2025-09,z,300,150,-1037.9182780747808,8103.067834688372,0.0,pregame
2025-09,random,0,62,-49.394183478787255,3230.8286848067673,0.0,pregame
2025-09,random,60,59,-233.95638529753253,3041.216668811906,0.0,pregame
2025-09,random,300,54,207.8770244552658,3376.9071880355723,0.0,pregame
2025-10,z,0,479,-351.7691297468549,21400.234130226687,0.0,pregame
2025-10,z,60,467,-979.4029404400005,20837.08317207155,0.0,pregame
2025-10,z,300,432,-1275.878873879236,19112.960024119595,0.0,pregame
2025-10,random,0,213,-601.8376583707875,11085.364444531384,0.0,pregame
2025-10,random,60,203,-832.4870344950375,10573.761433450765,0.0,pregame
2025-10,random,300,201,1060.41684651768,9972.471869875886,0.0,pregame
2025-11,z,0,1212,-1433.6358141478372,39361.89085804335,0.0,pregame
2025-11,z,60,1100,-3809.2197214699436,37832.47068095436,0.0,pregame
2025-11,z,300,1138,-4212.781096571284,34190.135195598414,0.0,pregame
2025-11,random,0,1025,-2471.516599021026,35119.19999589243,0.0,pregame
2025-11,random,60,1039,-1717.5975390594938,33961.33626084943,0.0,pregame
2025-11,random,300,931,-517.3247483382918,29410.513729637478,0.0,pregame
2025-12,z,0,1039,-622.2144312655421,31078.624041813488,0.0,pregame
2025-12,z,60,1044,-2254.187926250292,30614.286643480136,0.0,pregame
2025-12,z,300,985,-2045.869930720692,27335.69731176815,0.0,pregame
2025-12,random,0,623,-132.02419883677632,18269.06790840869,0.0,pregame
2025-12,random,60,613,163.5091626677076,18348.43802422887,0.0,pregame
2025-12,random,300,599,14.679990132214243,19114.271585500377,0.0,pregame
2026-01,z,0,2740,223.87406304186425,78424.324802246,0.0,pregame
2026-01,z,60,2763,1747.3841903131702,76889.51533289233,0.0,pregame
2026-01,z,300,2820,-5429.162489653269,73413.25067387722,0.0,pregame
2026-01,random,0,1533,156.8734611968922,40621.22558528905,0.0,pregame
2026-01,random,60,1447,-665.9034553695916,39149.06285742033,0.0,pregame
2026-01,random,300,1359,420.86086185591046,36719.36259843552,0.0,pregame
2026-02,z,0,926,-699.8485020405401,21340.698520790556,0.0,pregame
2026-02,z,60,898,-2702.850608114361,20926.98763676,0.0,pregame
2026-02,z,300,834,-2406.8493651286167,20169.149365666868,0.0,pregame
2026-02,random,0,2432,-689.405909036424,58977.03017246317,0.0,pregame
2026-02,random,60,2230,723.1213530147847,56499.82692815394,0.0,pregame
2026-02,random,300,2081,-632.2231269430844,52972.206129387596,0.0,pregame
2026-03,z,0,686,149.15426470397318,15503.555574458005,0.0,pregame
2026-03,z,60,622,1367.5535961640894,15908.321423857655,0.0,pregame
2026-03,z,300,539,553.6414019641732,14259.91259555037,0.0,pregame
2026-03,random,0,207,-723.4455742236286,5182.948037829379,0.0,pregame
2026-03,random,60,199,-406.9613661945385,5257.092791956307,0.0,pregame
2026-03,random,300,182,-1056.2053582561116,4424.725936681106,0.0,pregame
2026-04,z,0,923,3224.643905605102,24475.176255682127,0.0,pregame
2026-04,z,60,934,2769.906609546869,24221.22646784917,0.0,pregame
2026-04,z,300,841,1496.9111564217537,21453.88274138864,0.0,pregame
2026-04,random,0,1301,1786.2307575415175,32676.362891461635,0.0,pregame
2026-04,random,60,1191,794.5656917391312,31429.954386562425,0.0,pregame
2026-04,random,300,1086,1924.0620849965385,28550.284394167815,0.0,pregame
2026-05,z,0,164,-230.5987979315068,4052.8872835349052,0.0,pregame
2026-05,z,60,162,24.898653416731577,3864.3211799342153,0.0,pregame
2026-05,z,300,166,134.63184443538677,4176.936446100181,0.0,pregame
2026-05,random,0,253,703.567482429449,7557.455267450682,0.0,pregame
2026-05,random,60,237,438.7865953583058,7277.915203051491,0.0,pregame
2026-05,random,300,236,563.6111026232038,6832.203246173072,0.0,pregame
2026-06,z,0,281,-77.91030553486866,7347.6042150969715,0.0,pregame
2026-06,z,60,278,254.266035020667,7279.9934855446045,0.0,pregame
2026-06,z,300,266,-292.25083627825165,6413.287974397115,0.0,pregame
2026-06,random,0,464,-798.7818667052609,12967.257777559265,0.0,pregame
2026-06,random,60,442,196.08239733215055,11680.513174665804,0.0,pregame
2026-06,random,300,387,-2001.4385369090246,11380.993603275223,0.0,pregame
2026-07,z,0,1030,-1406.0302925848237,27388.044783533263,0.0,pregame
2026-07,z,60,883,1581.7481055342778,25619.51034304826,0.0,pregame
2026-07,z,300,710,1621.7645938154649,22080.596973855907,0.0,pregame
2026-07,random,0,454,292.06121000086875,14898.34376689707,0.0,pregame
2026-07,random,60,442,-373.5143660550207,13127.990196708633,0.0,pregame
2026-07,random,300,386,-1490.100238163303,12404.304023386427,0.0,pregame
2026-08,z,0,649,-1237.7348321021902,18376.78193388207,0.0,pregame
2026-08,z,60,558,-1136.031670466083,17050.462215399384,0.0,pregame
2026-08,z,300,524,462.18578289516273,16465.543496626626,0.0,pregame
2026-08,random,0,1010,1200.4079831018541,30224.70152038423,0.0,pregame
2026-08,random,60,1004,846.1001519212259,28928.78347807127,0.0,pregame
2026-08,random,300,674,388.63034279544513,19084.196452515716,0.0,pregame
2025-10,z,0,178,338.19176622666,5061.940928939039,0.11235955056179775,soccer
2025-10,z,5,174,355.68505829294327,5061.940928939039,0.09195402298850575,soccer
2025-10,z,30,170,711.6467317391852,5108.386688488085,0.08823529411764706,soccer
2025-10,random,0,178,338.19176622666,5061.940928939039,0.11235955056179775,soccer
2025-10,random,5,174,355.68505829294327,5061.940928939039,0.09195402298850575,soccer
2025-10,random,30,170,711.6467317391852,5108.386688488085,0.08823529411764706,soccer
2025-11,z,0,521,355.73196885543905,5500.0,0.0345489443378119,soccer
2025-11,z,5,565,255.1184864469417,5500.0,0.033628318584070796,soccer
2025-11,z,30,405,368.9935341571202,5500.0,0.027160493827160494,soccer
2025-11,random,0,296,-1192.090487807513,5500.0,0.057432432432432436,soccer
2025-11,random,5,271,-1112.4568297573655,5500.0,0.05904059040590406,soccer
2025-11,random,30,285,-1082.942138229525,5500.0,0.05964912280701754,soccer
2025-12,z,0,1525,5698.4804170070765,34978.972464541934,0.22950819672131148,soccer
2025-12,z,5,1690,6854.207908950964,34820.1580613401,0.23550295857988165,soccer
2025-12,z,30,1586,4511.141506107375,34530.040604922775,0.25031525851197983,soccer
2025-12,random,0,2707,-564.9015373858367,36216.40841251114,0.04322127816771334,soccer
2025-12,random,5,2452,-1148.6419102567359,36237.408413911195,0.03915171288743882,soccer
2025-12,random,30,2190,-571.8622491823378,36172.16820639619,0.0821917808219178,soccer
2026-01,z,0,2352,3628.641346911277,44511.46386620936,0.7087585034013606,soccer
2026-01,z,5,2422,569.926274837439,42911.74934727041,0.7146985962014863,soccer
2026-01,z,30,2275,2407.69960359649,43487.28129580479,0.7151648351648352,soccer
2026-01,random,0,1867,-3524.6695998561054,33173.1708181407,0.44831280128548473,soccer
2026-01,random,5,1928,-3065.842206807216,32576.54129777935,0.4450207468879668,soccer
2026-01,random,30,1769,-1923.626536681665,32306.762845861682,0.46014697569248164,soccer
2026-02,z,0,1647,2190.087690457439,31967.23841064113,0.7753491196114147,soccer
2026-02,z,5,1787,2913.2662658300733,30677.067380909524,0.7884722999440403,soccer
2026-02,z,30,1592,718.0770773304704,31936.36656941013,0.7795226130653267,soccer
2026-02,random,0,1772,-1328.1572965874113,34840.317453675874,0.6659142212189616,soccer
2026-02,random,5,1777,-300.41798513788694,35004.41556352837,0.6510973550928532,soccer
2026-02,random,30,1805,-2421.117702998228,34812.13072754015,0.6670360110803324,soccer
2026-03,z,0,416,-706.8420611514875,6705.99415332431,0.6658653846153846,soccer
2026-03,z,5,426,-830.6807913301584,6288.603372098547,0.6924882629107981,soccer
2026-03,z,30,399,-154.474877648061,7443.000837912026,0.6942355889724311,soccer
2026-03,random,0,664,927.9679404050952,10290.712748845639,0.49849397590361444,soccer
2026-03,random,5,635,652.6794804455662,10102.691094903894,0.5149606299212598,soccer
2026-03,random,30,591,527.0669311269921,10612.160838175323,0.5076142131979695,soccer
2026-04,z,0,1827,-1370.7444306310526,31659.496315117736,0.7230432402846196,soccer
2026-04,z,5,1876,-729.3438193055581,31144.382856682467,0.714818763326226,soccer
2026-04,z,30,1830,-1847.4441670602625,31494.97411207731,0.7032786885245902,soccer
2026-04,random,0,634,-130.91964898676406,10676.77970533598,0.7618296529968455,soccer
2026-04,random,5,631,57.862581902543496,11652.52521510838,0.7654516640253566,soccer
2026-04,random,30,607,-985.7969410861613,11063.197267742638,0.7627677100494233,soccer
2026-05,z,0,2271,-357.4001233828718,35100.732942593764,0.9189784236019375,soccer
2026-05,z,5,2243,1757.6784960976092,35362.772497428865,0.920196165849309,soccer
2026-05,z,30,2071,474.965442106979,36564.19566195931,0.9150169000482858,soccer
2026-05,random,0,2697,-1632.2693624796755,55946.968099781414,0.7482387838338895,soccer
2026-05,random,5,2742,-570.3703451640392,55318.39316437948,0.7545587162654996,soccer
2026-05,random,30,3086,-961.1777606377259,54846.40438413009,0.7644199611147116,soccer
2026-06,z,0,436,-912.8983253778157,9947.420301118325,0.7958715596330275,soccer
2026-06,z,5,436,-658.2554494104493,10123.135591178681,0.7912844036697247,soccer
2026-06,z,30,371,-520.3479317753994,10282.987223406284,0.77088948787062,soccer
2026-06,random,0,490,-717.5892311349088,11701.107609810151,0.4326530612244898,soccer
2026-06,random,5,464,-694.6582701599236,11691.555038537708,0.4482758620689655,soccer
2026-06,random,30,441,-68.89224378492344,11525.321735927151,0.4036281179138322,soccer
2026-07,z,0,343,60.550851062280984,8452.267140324053,0.956268221574344,soccer
2026-07,z,5,353,-301.0517179053599,8930.81369257583,0.9575070821529745,soccer
2026-07,z,30,366,57.27026620359857,8110.101032756396,0.953551912568306,soccer
2026-07,random,0,342,-1055.820397678099,7103.209661174394,0.4502923976608187,soccer
2026-07,random,5,329,-892.5451313947755,7194.687734835175,0.45896656534954405,soccer
2026-07,random,30,338,11.772268337188905,8108.802855031602,0.46745562130177515,soccer
2026-08,z,0,1573,-518.0429100388076,27441.47713557456,0.9828353464717101,soccer
2026-08,z,5,1532,-1766.4946008297336,27814.550247603667,0.9843342036553525,soccer
2026-08,z,30,1331,-702.3949459616379,28794.644564486443,0.9797145003756574,soccer
2026-08,random,0,642,-1660.8606823477853,20496.760019250585,0.9376947040498442,soccer
2026-08,random,5,644,-1770.908642810526,20254.605942335736,0.9409937888198758,soccer
2026-08,random,30,632,-621.7195859678864,20303.43352584126,0.939873417721519,soccer
2025-07,z,0,250,-210.6757946408236,7776.710092031087,0.596,tennis
2025-07,z,5,269,-263.7665433812553,7776.710092031087,0.6059479553903345,tennis
2025-07,z,30,241,799.0936207608601,7681.136895282041,0.6141078838174274,tennis
2025-07,random,0,250,-210.6757946408236,7776.710092031087,0.596,tennis
2025-07,random,5,269,-263.7665433812553,7776.710092031087,0.6059479553903345,tennis
2025-07,random,30,241,799.0936207608601,7681.136895282041,0.6141078838174274,tennis
2025-08,z,0,236,120.29355332295353,9872.987693800535,0.5169491525423728,tennis
2025-08,z,5,240,-468.5258631062966,9872.987693800535,0.5125,tennis
2025-08,z,30,229,-153.7266263689358,9857.987694287162,0.4890829694323144,tennis
2025-08,random,0,233,1223.7344626034874,9554.157996461414,0.6351931330472103,tennis
2025-08,random,5,235,796.8661317292821,9508.95749222727,0.6382978723404256,tennis
2025-08,random,30,240,797.6520701287395,9505.787495543984,0.625,tennis
2025-09,z,0,66,15.642430975635833,2874.5601752176954,0.3333333333333333,tennis
2025-09,z,5,69,36.62083351374791,2861.510173657757,0.36231884057971014,tennis
2025-09,z,30,68,-40.27504543772402,2808.220673501278,0.35294117647058826,tennis
2025-09,random,0,60,-465.6461737079508,2801.0000000474975,0.43333333333333335,tennis
2025-09,random,5,62,-457.49886742184594,2801.0000000474975,0.43548387096774194,tennis
2025-09,random,30,61,-355.59010087532715,2801.0000000474975,0.4098360655737705,tennis
2025-10,z,0,403,670.6935256162479,12756.495273032859,0.5806451612903226,tennis
2025-10,z,5,407,456.56866412938143,12809.513819510556,0.5847665847665847,tennis
2025-10,z,30,427,-648.2489019782558,12445.72100625531,0.5925058548009368,tennis
2025-10,random,0,598,1962.309353654142,17183.230609606868,0.6789297658862876,tennis
2025-10,random,5,591,2239.4082124812185,17197.89883035323,0.6937394247038917,tennis
2025-10,random,30,605,3106.744647725785,16889.0331372573,0.6710743801652893,tennis
2025-11,z,0,274,391.7679241146337,8394.974206347146,0.4343065693430657,tennis
2025-11,z,5,270,527.1664961142328,8374.874204853522,0.43703703703703706,tennis
2025-11,z,30,263,353.8505152868761,8401.089477850954,0.41064638783269963,tennis
2025-11,random,0,282,953.7575086566262,8235.353428829681,0.5141843971631206,tennis
2025-11,random,5,257,1269.970203685088,8277.70413020581,0.4708171206225681,tennis
2025-11,random,30,277,1287.1275966676394,8147.2946743867815,0.5126353790613718,tennis
2025-12,z,0,63,61.79132800997185,1500.0,0.47619047619047616,tennis
2025-12,z,5,62,-161.09251365345165,1428.1200003623962,0.4838709677419355,tennis
2025-12,z,30,60,78.17702556168365,1403.3300000429153,0.48333333333333334,tennis
2025-12,random,0,24,-244.01452436148267,807.0291298634213,0.4166666666666667,tennis
2025-12,random,5,24,-244.8132686325277,805.786426137373,0.4166666666666667,tennis
2025-12,random,30,25,-207.91849628454912,805.2086303905818,0.48,tennis
2026-01,z,0,1132,-2854.2465365921157,18311.595159553726,0.9425795053003534,tennis
2026-01,z,5,1310,-2403.236637315851,17242.37872862898,0.9435114503816794,tennis
2026-01,z,30,974,-1182.981563065031,19003.81451297091,0.9291581108829569,tennis
2026-01,random,0,572,-80.05281513484283,16041.1494140181,0.7884615384615384,tennis
2026-01,random,5,557,-699.8762766101033,15585.22233366042,0.7863554757630161,tennis
2026-01,random,30,596,-441.26093010624453,16065.23819129407,0.7986577181208053,tennis
2026-02,z,0,4244,2212.1477299214284,69467.6876019037,0.3202167766258247,tennis
2026-02,z,5,4265,1825.9435726665856,69461.3365920317,0.3399765533411489,tennis
2026-02,z,30,3472,444.18604847621134,69153.92389005801,0.38306451612903225,tennis
2026-02,random,0,4167,-1204.1802576131977,65098.935749036245,0.7381809455243581,tennis
2026-02,random,5,4113,-4357.2708264499215,65094.09948394017,0.7403355215171408,tennis
2026-02,random,30,3446,-3534.5950717164596,65448.349410480674,0.7202553685432386,tennis
2026-03,z,0,2228,-18.303049141067163,34162.925597307825,0.5709156193895871,tennis
2026-03,z,5,2226,1716.695624173781,34268.753116598644,0.5840071877807727,tennis
2026-03,z,30,1988,-106.30489466794234,34174.038471736676,0.6106639839034205,tennis
2026-03,random,0,2884,3368.7609527060276,33124.75342359411,0.7888349514563107,tennis
2026-03,random,5,2675,1635.904603612178,33175.54326412421,0.7865420560747663,tennis
2026-03,random,30,2138,3253.2651055761876,32768.7344474422,0.7511693171188026,tennis
2026-04,z,0,5030,-2254.058096736216,84329.7490161804,0.685089463220676,tennis
2026-04,z,5,5243,-1106.24240198757,84039.33974950598,0.7018882319282853,tennis
2026-04,z,30,4928,-3827.316833201353,83570.6125031474,0.7112418831168831,tennis
2026-04,random,0,2089,-2758.6936950032796,44331.10378251935,0.8621349928195309,tennis
2026-04,random,5,2142,-2481.2939393387014,47690.67869905014,0.8683473389355743,tennis
2026-04,random,30,2126,-2279.0149123491415,48849.2621427126,0.8654750705550329,tennis
2026-05,z,0,2038,71.70071839986895,41310.15136347333,0.9038272816486752,tennis
2026-05,z,5,1982,-380.3856201667254,38022.8795556619,0.9081735620585267,tennis
2026-05,z,30,1986,137.080121815937,38765.533910111204,0.9063444108761329,tennis
2026-05,random,0,2269,-3637.8114877310886,40530.79596127347,0.743058616130454,tennis
2026-05,random,5,2289,-4095.6535466689757,43859.42726082928,0.743993010048056,tennis
2026-05,random,30,2203,-3571.0511623033217,46765.84280009571,0.7371765773944621,tennis
2026-06,z,0,1605,-184.95411591567847,27793.28338046502,0.8623052959501558,tennis
2026-06,z,5,1423,-1088.2608482091075,24506.13837278644,0.8489107519325368,tennis
2026-06,z,30,1406,-1493.3097461235436,24367.459746079287,0.84850640113798,tennis
2026-06,random,0,556,2605.079790842151,12562.229782892124,0.7679856115107914,tennis
2026-06,random,5,545,2269.8668316766316,12961.390939032091,0.763302752293578,tennis
2026-06,random,30,542,290.26006354835886,13290.612007168063,0.7527675276752768,tennis
2026-07,z,0,1191,-1878.5825109235038,23959.949193688655,0.927791771620487,tennis
2026-07,z,5,1114,-1814.9678203865583,23007.947242130722,0.921903052064632,tennis
2026-07,z,30,1087,-14.530865368242075,21491.761450482976,0.9264029438822448,tennis
2026-07,random,0,2026,-1395.5119040237782,47075.803256458494,0.9170779861796644,tennis
2026-07,random,5,1976,218.234358946906,45826.285174334946,0.9134615384615384,tennis
2026-07,random,30,2064,2607.820589910462,44043.618459602374,0.9098837209302325,tennis
2026-08,z,0,8792,-202.25369540851307,136948.2939827436,0.9110555050045496,tennis
2026-08,z,5,7998,-2681.3106334607614,137185.20011100895,0.8979744936234059,tennis
2026-08,z,30,7655,-1110.0925953595404,137715.6027341602,0.889745264532985,tennis
2026-08,random,0,695,-1633.22306070061,18245.286582902587,0.8474820143884892,tennis
2026-08,random,5,684,-1691.454330453158,17126.504283481678,0.8552631578947368,tennis
2026-08,random,30,658,-1837.6462245608564,17620.871008131366,0.8586626139817629,tennis
2025-07,z,0,132,-404.3295289328112,2981.8904268423457,0.696969696969697,basketball
2025-07,z,5,129,-392.37011090311773,2984.912027309433,0.7054263565891473,basketball
2025-07,z,30,125,-526.4131531409407,2748.256237556505,0.696,basketball
2025-07,random,0,38,221.38493453770184,1280.495686097281,0.10526315789473684,basketball
2025-07,random,5,38,221.52493440418743,1280.3556862307953,0.10526315789473684,basketball
2025-07,random,30,35,244.19024967770713,1296.0556900095173,0.11428571428571428,basketball
2025-08,z,0,42,769.0072660763573,1615.203565509074,0.8095238095238095,basketball
2025-08,z,5,41,664.2192653896241,1719.9915661958075,0.8048780487804879,basketball
2025-08,z,30,43,525.8274570404539,1704.4782363312486,0.813953488372093,basketball
2025-08,random,0,16,11.36381436829727,366.35778898829426,0.875,basketball
2025-08,random,5,15,12.6787131692425,365.04289018734903,0.8666666666666667,basketball
2025-08,random,30,14,22.473820322570575,436.10398849743035,0.8571428571428571,basketball
2025-09,z,0,108,406.17925568251854,3252.919961741698,0.7777777777777778,basketball
2025-09,z,5,112,623.0856190170496,3078.9695617150437,0.7589285714285714,basketball
2025-09,z,30,101,961.5584021952363,3015.1220716891594,0.7623762376237624,basketball
2025-09,random,0,60,424.0144881919725,1421.947568886149,0.8,basketball
2025-09,random,5,63,426.93903194758167,1428.4965788387938,0.7619047619047619,basketball
2025-09,random,30,59,497.44257682083975,1342.705090161238,0.7796610169491526,basketball
2025-10,z,0,368,-55.55704026237731,12855.31599366496,0.5489130434782609,basketball
2025-10,z,5,371,980.1009129592377,12747.542122367731,0.5444743935309974,basketball
2025-10,z,30,354,403.0294140629688,12714.521879712272,0.5480225988700564,basketball
2025-10,random,0,296,-407.38701584813873,11519.261096061442,0.4527027027027027,basketball
2025-10,random,5,301,387.80639126563904,11509.579292038658,0.46179401993355484,basketball
2025-10,random,30,318,790.6422531562071,11421.218625658446,0.5188679245283019,basketball
2025-11,z,0,857,-1177.544318137588,25018.06809764685,0.16569428238039674,basketball
2025-11,z,5,889,-452.5090335005061,24919.1586885133,0.16422947131608548,basketball
2025-11,z,30,1012,-204.00781033704334,24855.524762324585,0.17193675889328064,basketball
2025-11,random,0,925,915.7597278423743,23512.47405978392,0.20432432432432432,basketball
2025-11,random,5,956,730.8568923319409,23584.412572408626,0.19246861924686193,basketball
2025-11,random,30,977,1054.392031919065,23712.003557103126,0.20061412487205732,basketball
2025-12,z,0,1112,2234.226478007429,28213.44546133653,0.6330935251798561,basketball
2025-12,z,5,1127,2070.0241048804296,27831.188506855447,0.6441881100266194,basketball
2025-12,z,30,1116,810.6973196193582,27667.456661247747,0.6326164874551972,basketball
2025-12,random,0,1511,3555.6860139923474,29292.522370636507,0.02183984116479153,basketball
2025-12,random,5,1452,3409.51794148382,29158.75959678282,0.01997245179063361,basketball
2025-12,random,30,1467,3423.28457820588,29047.772164903312,0.023858214042263123,basketball
2026-01,z,0,992,807.8655515100792,19286.77136785008,0.5745967741935484,basketball
2026-01,z,5,968,139.62933048727098,19677.772010449095,0.5743801652892562,basketball
2026-01,z,30,950,963.478118928477,19701.46486765708,0.5663157894736842,basketball
2026-01,random,0,902,-989.0878569406726,22926.449687472414,0.4911308203991131,basketball
2026-01,random,5,905,356.70169881399534,22283.941342601735,0.48287292817679556,basketball
2026-01,random,30,893,-807.0288782754182,21593.615819071398,0.4916013437849944,basketball
2026-02,z,0,668,-642.7852963490338,17559.233819952482,0.7275449101796407,basketball
2026-02,z,5,653,-1415.318651157519,17569.8442312439,0.7243491577335375,basketball
2026-02,z,30,659,-1129.347401209011,16632.71423356435,0.7314112291350531,basketball
2026-02,random,0,913,1228.283249471701,24688.35926021982,0.6900328587075575,basketball
2026-02,random,5,901,876.2249045714914,25399.09994167893,0.6881243063263041,basketball
2026-02,random,30,888,206.3330803490308,24945.940466776316,0.6813063063063063,basketball
2026-03,z,0,328,-458.18529635911386,7694.67805327962,0.600609756097561,basketball
2026-03,z,5,333,-735.650453787408,7864.378539411933,0.6126126126126126,basketball
2026-03,z,30,320,-255.54109534183885,7605.085704826485,0.6375,basketball
2026-03,random,0,257,-458.53321188738016,5965.089428266849,0.6147859922178989,basketball
2026-03,random,5,279,-82.61946891613366,5555.557052747143,0.6487455197132617,basketball
2026-03,random,30,273,-929.4065820426592,5719.599210040108,0.6336996336996337,basketball
2026-04,z,0,522,-308.6588154573061,12443.741836753845,0.7183908045977011,basketball
2026-04,z,5,518,-588.9372272789644,12626.240985331242,0.7162162162162162,basketball
2026-04,z,30,485,409.91244604483575,12003.58913470275,0.7030927835051546,basketball
2026-04,random,0,437,337.42633763185086,10724.18686336685,0.6590389016018307,basketball
2026-04,random,5,424,-43.92232585960096,10927.786614913764,0.6485849056603774,basketball
2026-04,random,30,406,-716.1510671842615,11140.690959274987,0.6428571428571429,basketball
2026-05,z,0,200,280.504535666536,4533.504678870657,0.505,basketball
2026-05,z,5,207,-459.333990342601,4692.496345788548,0.5410628019323671,basketball
2026-05,z,30,190,-158.07495619212398,4702.105735397445,0.5210526315789473,basketball
2026-05,random,0,154,390.202527935684,3712.7310553517927,0.487012987012987,basketball
2026-05,random,5,141,119.29705900320982,3251.0452640408876,0.48226950354609927,basketball
2026-05,random,30,132,149.6442842788984,3564.848043218519,0.42424242424242425,basketball
2026-06,z,0,57,74.02415598203156,1451.9036174290286,0.7017543859649122,basketball
2026-06,z,5,60,-16.44796844512105,1411.1805400170376,0.7166666666666667,basketball
2026-06,z,30,54,31.48495543926723,1500.2866432036,0.6851851851851852,basketball
2026-06,random,0,136,60.45585616357101,2988.543557170683,0.8161764705882353,basketball
2026-06,random,5,126,77.60401591583033,3056.9190061928607,0.8015873015873016,basketball
2026-06,random,30,121,-184.1071026214569,3010.4068641179024,0.8099173553719008,basketball
2026-07,z,0,6,42.78535376987447,201.9506581686671,0.3333333333333333,basketball
2026-07,z,5,6,37.81054205969827,206.9254698788433,0.3333333333333333,basketball
2026-07,z,30,6,69.6682880115077,175.06772392703388,0.3333333333333333,basketball
2026-07,random,0,3,0.1696214949463517,106.48237893229975,1.0,basketball
2026-07,random,5,3,0.21283295883215558,150.98626416726475,1.0,basketball
2026-07,random,30,2,0.11358623360740339,116.98350970230395,1.0,basketball
2026-08,z,0,9,146.24281283511323,226.74810285385038,0.8888888888888888,basketball
2026-08,z,5,9,146.24281283511323,226.74810285385038,0.8888888888888888,basketball
2026-08,z,30,7,219.4442177157175,430.4737165889703,0.8571428571428571,basketball
2026-08,random,0,80,-158.4473188503349,1677.5491128585838,0.1125,basketball
2026-08,random,5,76,-92.8608321400383,1649.770043466042,0.06578947368421052,basketball
2026-08,random,30,72,-55.40212714764735,1773.7412077479657,0.09722222222222222,basketball
2025-07,z,0,1513,172.93482549252167,37040.61349773476,0.6206212822207535,baseball
2025-07,z,5,1656,-973.4722979281593,37051.47812395049,0.6388888888888888,baseball
2025-07,z,30,1242,-635.1476933312304,37103.89138435631,0.6521739130434783,baseball
2025-07,random,0,1104,149.78413991402294,35430.295222518616,0.6005434782608695,baseball
2025-07,random,5,1086,-860.8104727385622,35391.58801403919,0.5930018416206262,baseball
2025-07,random,30,1130,-825.0296263624788,35666.09691051484,0.6097345132743363,baseball
2025-08,z,0,1263,-625.8648986497958,41602.824947345245,0.8099762470308789,baseball
2025-08,z,5,1284,-579.2627754795343,41650.83494641431,0.8115264797507789,baseball
2025-08,z,30,1293,-707.6857559791866,41486.27114050466,0.8267594740912606,baseball
2025-08,random,0,1094,1140.3869673861304,35370.996930809175,0.7404021937842779,baseball
2025-08,random,5,1125,24.051289264130673,35266.86751810624,0.7484444444444445,baseball
2025-08,random,30,1086,-769.3323662313583,35712.81910320966,0.7449355432780848,baseball
2025-09,z,0,887,-1657.1187892953662,32676.682859905894,0.826381059751973,baseball
2025-09,z,5,906,-131.80040786994152,32407.94822484014,0.8289183222958058,baseball
2025-09,z,30,906,1033.8304282600352,32349.972524169716,0.8211920529801324,baseball
2025-09,random,0,501,-623.1122251428303,21027.47961091294,0.688622754491018,baseball
2025-09,random,5,502,-736.9415120619352,20973.653122226155,0.6872509960159362,baseball
2025-09,random,30,514,-936.549538823585,20163.992330664354,0.7042801556420234,baseball
2025-10,z,0,80,489.1000365669996,4300.0,0.6375,baseball
2025-10,z,5,85,328.9014571153265,4300.0,0.6588235294117647,baseball
2025-10,z,30,86,850.0324175778637,4300.0,0.6627906976744186,baseball
2025-10,random,0,91,-635.5858089228293,4300.0,0.5934065934065934,baseball
2025-10,random,5,81,-956.7350351539424,4300.0,0.5555555555555556,baseball
2025-10,random,30,92,-1344.9402226218956,4300.0,0.6195652173913043,baseball
2025-11,z,0,4,-58.582091519654426,200.0,0.75,baseball
2025-11,z,5,4,-58.582091519654426,200.0,0.75,baseball
2025-11,z,30,5,-63.819872678151114,200.0,0.8,baseball
2025-11,random,0,5,-66.68857116269919,200.0,0.8,baseball
2025-11,random,5,3,-23.621552606006944,200.0,0.6666666666666666,baseball
2025-11,random,30,3,-21.42857218883475,200.0,0.6666666666666666,baseball
2026-03,z,0,22,-134.77276363232684,314.184000600338,0.8181818181818182,baseball
2026-03,z,5,12,-272.024151910305,314.184000600338,0.6666666666666666,baseball
2026-03,z,30,15,-83.65587122468216,314.184000600338,0.7333333333333333,baseball
2026-03,random,0,153,90.10486363260085,4385.294245382729,0.0,baseball
2026-03,random,5,152,30.349362814369158,4498.19974772684,0.0,baseball
2026-03,random,30,149,25.09359873184016,4465.494210184854,0.0,baseball
2026-04,z,0,2474,2711.3031317414434,38986.530536655504,0.3047696038803557,baseball
2026-04,z,5,2308,2487.834914052126,39078.61188927035,0.2820623916811092,baseball
2026-04,z,30,2286,3092.689510516262,39239.329805243295,0.29308836395450566,baseball
2026-04,random,0,2474,2711.3031317414434,38986.530536655504,0.3047696038803557,baseball
2026-04,random,5,2308,2487.834914052126,39078.61188927035,0.2820623916811092,baseball
2026-04,random,30,2286,3092.689510516262,39239.329805243295,0.29308836395450566,baseball
2026-05,z,0,2789,1903.1043789483374,42025.223307021995,0.9085693797059878,baseball
2026-05,z,5,2530,199.0866423234637,41992.52321576831,0.9051383399209486,baseball
2026-05,z,30,2416,906.2699886924158,42119.53917015283,0.8990066225165563,baseball
2026-05,random,0,1797,286.99826330228206,41494.34570347525,0.7212020033388982,baseball
2026-05,random,5,1839,-198.87185786236563,41491.43633689422,0.7243066884176182,baseball
2026-05,random,30,1932,-515.0172682708851,41605.3739031548,0.7432712215320911,baseball
2026-06,z,0,3073,-1780.7420883852324,38823.21264138195,0.9384965831435079,baseball
2026-06,z,5,2790,-1363.6566903640364,38851.284612543015,0.9397849462365592,baseball
2026-06,z,30,2497,-596.0300958625477,38857.42951701363,0.9371245494593512,baseball
2026-06,random,0,1685,2667.189928007432,33408.535107406315,0.5228486646884273,baseball
2026-06,random,5,1700,3266.268793002022,33935.71738509655,0.5294117647058824,baseball
2026-06,random,30,1700,225.52432363343758,33656.04995206583,0.5452941176470588,baseball
2026-07,z,0,2979,1958.3255584954888,37324.00140873398,0.9906008727760993,baseball
2026-07,z,5,2686,1739.0920254764155,37552.13261924579,0.990692479523455,baseball
2026-07,z,30,2310,1576.6609321000765,37388.047180848655,0.9922077922077922,baseball
2026-07,random,0,1782,59.4746832128867,24267.61031369445,0.6941638608305275,baseball
2026-07,random,5,1640,221.38595766616083,24936.93920389087,0.675609756097561,baseball
2026-07,random,30,1551,-1331.656259105716,25141.956929981912,0.6750483558994197,baseball
2026-08,z,0,4224,-2669.7045567114765,40225.428866081966,0.9886363636363636,baseball
2026-08,z,5,3040,-2314.830702662701,41102.20031022024,0.9858552631578947,baseball
2026-08,z,30,2440,-4398.88206657046,41320.783631991886,0.9852459016393442,baseball
2026-08,random,0,1250,387.0237213656437,24765.73413010017,0.7744,baseball
2026-08,random,5,1215,-988.8305871215127,25967.414677394132,0.77119341563786,baseball
2026-08,random,30,1163,-1051.4081977377425,25159.56988564472,0.763542562338779,baseball
2025-08,z,0,366,-1525.5495186226308,15445.662998192012,0.40710382513661203,esports
2025-08,z,5,365,-1695.2773060216614,15445.662998192012,0.4054794520547945,esports
2025-08,z,30,379,-1287.2131771439363,15410.387020326278,0.43271767810026385,esports
2025-08,random,0,337,-2639.814879785977,15500.0,0.24925816023738873,esports
2025-08,random,5,335,-2740.885315503542,15500.0,0.2507462686567164,esports
2025-08,random,30,346,-3159.342979732441,15453.324022277317,0.3092485549132948,esports
2025-09,z,0,206,808.5063504968975,10101.955870765347,0.3883495145631068,esports
2025-09,z,5,215,781.6901227096516,10065.355868535551,0.4046511627906977,esports
2025-09,z,30,210,889.9196617878706,10187.967872950107,0.41904761904761906,esports
2025-09,random,0,220,1382.0441244291844,9776.90156543843,0.4590909090909091,esports
2025-09,random,5,228,1426.4073662297906,9776.90156543843,0.45614035087719296,esports
2025-09,random,30,233,1244.9602371557112,9692.92651353874,0.4592274678111588,esports
2025-10,z,0,357,605.1198214817293,13239.73047690385,0.31092436974789917,esports
2025-10,z,5,341,496.6124348423057,13239.730476903851,0.31378299120234604,esports
2025-10,z,30,361,654.5993648037752,12982.627353983611,0.37119113573407203,esports
2025-10,random,0,278,1063.033741954674,12972.532595118633,0.26618705035971224,esports
2025-10,random,5,279,928.2730569689568,12972.532595118633,0.26523297491039427,esports
2025-10,random,30,298,1065.336433898582,12779.159854884881,0.2953020134228188,esports
2025-11,z,0,589,158.72114142144505,20216.997537886586,0.7843803056027164,esports
2025-11,z,5,602,-722.5721747350636,20173.962348508045,0.7873754152823921,esports
2025-11,z,30,630,-1315.1722816650345,20268.518149653144,0.7936507936507936,esports
2025-11,random,0,404,944.1880759527861,15305.62249750392,0.5594059405940595,esports
2025-11,random,5,407,861.4536656639209,15217.312517677034,0.5626535626535627,esports
2025-11,random,30,403,-1238.9023491831529,15081.559085040253,0.5607940446650124,esports
2025-12,z,0,776,2077.472384780511,23249.68587300457,0.6146907216494846,esports
2025-12,z,5,769,1412.5327674013795,23168.48646094874,0.6163849154746424,esports
2025-12,z,30,763,30.093148503731754,23429.33442371641,0.5910878112712975,esports
2025-12,random,0,623,-1519.4457437272688,18877.640687859363,0.6067415730337079,esports
2025-12,random,5,622,-1354.2127672322395,19173.706627440275,0.6077170418006431,esports
2025-12,random,30,643,-583.652296012151,18808.867536768685,0.6018662519440124,esports
2026-01,z,0,1416,22.83559862200275,32614.554255622315,0.7323446327683616,esports
2026-01,z,5,1470,1111.2371816999191,32549.637571457337,0.7421768707482993,esports
2026-01,z,30,1570,814.3038314270295,32778.31918099402,0.7694267515923567,esports
2026-01,random,0,1065,-2570.02809745082,26121.66217501838,0.8056338028169014,esports
2026-01,random,5,1051,-2943.7535991872123,25931.71062263121,0.8011417697431018,esports
2026-01,random,30,1083,-3619.2972432211127,25874.742305985703,0.830101569713758,esports
2026-02,z,0,2103,-1723.6841580957134,40073.79254654577,0.7099381835473134,esports
2026-02,z,5,2196,-1588.9571344374758,39981.1364743341,0.7276867030965392,esports
2026-02,z,30,1942,-764.0810273677964,41093.59653262874,0.7286302780638517,esports
2026-02,random,0,1036,-824.6711077579916,24981.71305226929,0.6563706563706564,esports
2026-02,random,5,1083,665.2546327880368,24393.71939802508,0.6638965835641736,esports
2026-02,random,30,993,-1351.7484131495833,25762.10567387868,0.6626384692849949,esports
2026-03,z,0,305,530.8410167509237,8477.414911066264,0.6622950819672131,esports
2026-03,z,5,279,-22.12693934725094,8644.481474205697,0.6415770609318996,esports
2026-03,z,30,304,203.0895511036071,8744.522056618185,0.6644736842105263,esports
2026-03,random,0,298,-913.0781354481896,6543.783768662332,0.6812080536912751,esports
2026-03,random,5,277,-1086.7326312984935,6873.005899451609,0.6642599277978339,esports
2026-03,random,30,295,-865.6433044183543,6188.713727947199,0.688135593220339,esports
2026-04,z,0,1431,2020.3671386323958,36394.95955722146,0.7288609364081062,esports
2026-04,z,5,1445,632.5075280764729,35556.51728158551,0.7301038062283737,esports
2026-04,z,30,1397,2250.505884827245,35668.25393224433,0.7315676449534717,esports
2026-04,random,0,1418,207.81885489015713,39382.399781817854,0.5980253878702397,esports
2026-04,random,5,1397,-347.2799969669144,39675.05528591208,0.5919828203292771,esports
2026-04,random,30,1369,324.40723866606726,38376.48885170852,0.5967859751643535,esports
2026-05,z,0,1207,2981.5334753833995,30309.775850612492,0.848384424192212,esports
2026-05,z,5,1170,628.1972669110243,30629.632451700665,0.8495726495726496,esports
2026-05,z,30,1132,1143.9041411404176,29228.04743109458,0.842756183745583,esports
2026-05,random,0,574,981.6217214391218,17366.66951424852,0.7177700348432056,esports
2026-05,random,5,548,529.3418408800139,18347.02233166338,0.7062043795620438,esports
2026-05,random,30,563,-923.6283266390828,19141.141937431286,0.7175843694493783,esports
2026-06,z,0,1171,-334.98547786611056,31182.512391480035,0.9163108454312553,esports
2026-06,z,5,1214,-571.5035851439551,31054.877611328062,0.914332784184514,esports
2026-06,z,30,1315,-536.7326033451131,29785.49629455569,0.9163498098859315,esports
2026-06,random,0,1002,-739.6794551853309,25735.484415384184,0.7025948103792415,esports
2026-06,random,5,1004,1840.5351449855177,25734.958239386877,0.7051792828685259,esports
2026-06,random,30,950,-963.1868664356607,24604.03413077395,0.6989473684210527,esports
2026-07,z,0,664,-782.7359886386042,18351.60617555175,0.8614457831325302,esports
2026-07,z,5,684,-920.4479934118281,18388.974443865198,0.8640350877192983,esports
2026-07,z,30,668,-1726.3086146640976,18316.52067201148,0.8592814371257484,esports
2026-07,random,0,892,1962.4196603045884,21862.777417817888,0.9103139013452914,esports
2026-07,random,5,892,1753.4621722759916,21050.78878770415,0.9125560538116592,esports
2026-07,random,30,884,1554.6106251217052,21249.094164994473,0.9095022624434389,esports
2026-08,z,0,2086,2385.8019354365724,40869.69470905115,0.9491850431447747,esports
2026-08,z,5,1997,2231.702017639841,42018.461402302106,0.9519278918377566,esports
2026-08,z,30,1920,-1352.945384650371,41953.52074956788,0.9520833333333333,esports
2026-08,random,0,1530,1014.6093294625247,36657.55600180388,0.8176470588235294,esports
2026-08,random,5,1539,658.2316344247097,36373.6246066097,0.8291098115659519,esports
2026-08,random,30,1599,2440.232598682543,36976.83031628208,0.849906191369606,esports
2025-10,z,0,477,-521.7290151290599,16493.63355200158,0.6163522012578616,hockey
2025-10,z,5,506,-26.046542776584715,16201.766272433857,0.6245059288537549,hockey
2025-10,z,30,476,-128.98332779559615,16046.787037932583,0.6113445378151261,hockey
2025-10,random,0,402,152.14309129476618,14829.66731643493,0.554726368159204,hockey
2025-10,random,5,422,909.9303204777561,14398.888156179035,0.5592417061611374,hockey
2025-10,random,30,402,777.0792785475894,14465.088306125821,0.5845771144278606,hockey
2025-11,z,0,838,-2535.1575944290876,21211.384791347406,0.28878281622911695,hockey
2025-11,z,5,846,-2898.573981124081,21096.295920283235,0.2895981087470449,hockey
2025-11,z,30,842,-2573.229160628023,21166.91757532235,0.28859857482185275,hockey
2025-11,random,0,820,-1116.0595295074145,20415.19161777485,0.31585365853658537,hockey
2025-11,random,5,814,-1564.2133582194488,20787.093470892894,0.3108108108108108,hockey
2025-11,random,30,828,-1207.9643007068778,20301.741328314056,0.32971014492753625,hockey
2025-12,z,0,1151,2217.665222235797,22494.85077866132,0.2849695916594266,hockey
2025-12,z,5,1272,2522.5624440724914,22422.391571405773,0.32940251572327045,hockey
2025-12,z,30,1024,2533.4550177651245,22568.724887246484,0.2978515625,hockey
2025-12,random,0,1151,823.8656452905055,22701.167686497596,0.13292788879235448,hockey
2025-12,random,5,1110,1204.9368497860157,22701.167686497596,0.13603603603603603,hockey
2025-12,random,30,1053,101.11281949539762,22611.25999888536,0.0949667616334283,hockey
2026-01,z,0,1087,-1843.8430157094658,22005.936492609653,0.6605335786568537,hockey
2026-01,z,5,1188,-747.1936235797066,21012.75259165072,0.6885521885521886,hockey
2026-01,z,30,1104,57.85959071094328,21588.9305562357,0.6947463768115942,hockey
2026-01,random,0,1124,-634.3280559806221,23759.090501324612,0.05249110320284697,hockey
2026-01,random,5,1102,-1460.0313730192431,23845.801607783513,0.0499092558983666,hockey
2026-01,random,30,1053,-1118.7919887654584,23780.865149634286,0.045584045584045586,hockey
2026-02,z,0,490,-805.0139930454081,9038.849588169134,0.3081632653061224,hockey
2026-02,z,5,462,-1191.2857159035375,9090.999540009281,0.2943722943722944,hockey
2026-02,z,30,441,-1472.7275544134793,9268.14997016252,0.272108843537415,hockey
2026-02,random,0,454,-48.11703472875712,9291.683264513125,0.11013215859030837,hockey
2026-02,random,5,450,267.21754157841985,9388.600058984312,0.10222222222222223,hockey
2026-02,random,30,424,71.3180350854368,9641.113551511791,0.11556603773584906,hockey
2026-03,z,0,388,401.64312774450224,7447.214806163513,0.6855670103092784,hockey
2026-03,z,5,443,563.2034160930226,7256.181992079765,0.7155756207674944,hockey
2026-03,z,30,424,244.1779203591718,7321.7564503398635,0.6933962264150944,hockey
2026-03,random,0,294,610.6876444193985,5850.852889354071,0.6666666666666666,hockey
2026-03,random,5,297,369.8684021388633,5877.229846940039,0.6666666666666666,hockey
2026-03,random,30,285,-215.58283681647026,5383.025685150658,0.6771929824561403,hockey
2026-04,z,0,801,944.3643245853254,13459.018549067096,0.7503121098626716,hockey
2026-04,z,5,803,49.44947708262339,13554.638643669037,0.7546699875466999,hockey
2026-04,z,30,769,868.8214139808292,13573.846227817989,0.7386215864759428,hockey
2026-04,random,0,651,-42.926994126149,13011.201707140168,0.642089093701997,hockey
2026-04,random,5,668,-165.80581054257698,12815.977034519521,0.6526946107784432,hockey
2026-04,random,30,653,912.7588444021144,13347.11878001216,0.6508422664624809,hockey
2026-05,z,0,167,-580.370403252561,3240.1779470794,0.5269461077844312,hockey
2026-05,z,5,169,-219.3046032871817,3460.9393253955964,0.5207100591715976,hockey
2026-05,z,30,145,19.061950884052408,3417.2222993028017,0.5103448275862069,hockey
2026-05,random,0,153,-756.8741034103058,3219.319573414309,0.47058823529411764,hockey
2026-05,random,5,168,-592.3485628838878,3397.0628602675483,0.5,hockey
2026-05,random,30,149,-671.6822214002768,3237.147843622455,0.48322147651006714,hockey
2026-06,z,0,28,191.53462573850817,600.0,0.32142857142857145,hockey
2026-06,z,5,24,-225.35464020726408,600.0,0.4166666666666667,hockey
2026-06,z,30,27,235.2237625028773,600.0,0.5185185185185185,hockey
2026-06,random,0,25,-69.68212142201205,530.0458686860956,0.56,hockey
2026-06,random,5,28,28.33491689994188,435.19079860099333,0.6071428571428571,hockey
2026-06,random,30,18,193.41424841985673,600.0,0.5555555555555556,hockey
2025-09,z,0,455,689.3372243591378,16235.819601591862,0.7736263736263737,american_football
2025-09,z,5,435,489.30062270155184,16235.819601591862,0.7632183908045977,american_football
2025-09,z,30,397,-16.99272514678472,16122.699591211784,0.7304785894206549,american_football
2025-09,random,0,455,689.3372243591378,16235.819601591862,0.7736263736263737,american_football
2025-09,random,5,435,489.30062270155184,16235.819601591862,0.7632183908045977,american_football
2025-09,random,30,397,-16.99272514678472,16122.699591211784,0.7304785894206549,american_football
2025-10,z,0,673,-1389.6378267539244,22970.947898093604,0.5884101040118871,american_football
2025-10,z,5,623,-1209.5060846016017,22986.966295321763,0.5666131621187801,american_football
2025-10,z,30,569,-1075.6778605764339,22890.2813539813,0.539543057996485,american_football
2025-10,random,0,627,-1120.2705549155803,21603.363065008507,0.5550239234449761,american_football
2025-10,random,5,595,-1277.3081019726849,21546.770760085692,0.5310924369747899,american_football
2025-10,random,30,601,-830.5630162127825,21778.929026864418,0.5374376039933444,american_football
2025-11,z,0,1236,929.0188017651549,31704.739070749994,0.75,american_football
2025-11,z,5,1199,902.0177231066384,31601.889295419853,0.7506255212677231,american_football
2025-11,z,30,1175,1543.894380610427,31361.928877240545,0.7438297872340426,american_football
2025-11,random,0,621,-276.89827396819805,23247.090121555564,0.3671497584541063,american_football
2025-11,random,5,632,-368.8648502412776,23224.61988485512,0.36550632911392406,american_football
2025-11,random,30,654,181.6064301734076,22713.319562486526,0.3853211009174312,american_football
2025-12,z,0,602,165.08292015211646,10977.565335739819,0.13953488372093023,american_football
2025-12,z,5,591,-175.8503888765207,10977.56533573982,0.17089678510998307,american_football
2025-12,z,30,573,291.87771513974576,10900.281256373397,0.15357766143106458,american_football
2025-12,random,0,317,748.1616855771836,9633.68368837511,0.28391167192429023,american_football
2025-12,random,5,317,821.9688825840982,9683.719603178717,0.26813880126182965,american_football
2025-12,random,30,316,684.7357255906383,9321.532196162245,0.2468354430379747,american_football
2026-01,z,0,185,-461.1938631064785,3900.0,0.043243243243243246,american_football
2026-01,z,5,191,-605.699997412823,3899.9999999999995,0.041884816753926704,american_football
2026-01,z,30,169,-632.4822563081419,3900.0,0.029585798816568046,american_football
2026-01,random,0,140,331.78020721950986,3541.006410048743,0.45714285714285713,american_football
2026-01,random,5,148,544.7658574470314,3486.513300398632,0.47297297297297297,american_football
2026-01,random,30,139,889.8459647245041,3522.7885502892777,0.3669064748201439,american_football
2026-02,z,0,1,45.34184391264874,100.00000000000001,0.0,american_football
2026-02,z,5,1,45.34184391264874,100.00000000000001,0.0,american_football
2026-02,z,30,1,45.34184391264874,100.00000000000001,0.0,american_football
2026-02,random,0,4,20.751301765441895,100.0,0.0,american_football
2026-02,random,5,5,20.751301765441895,100.0,0.0,american_football
2026-02,random,30,4,-75.72464287281036,100.0,0.0,american_football
