min_usd,phase,trades,leader_roi,copy_d0,copy_d0_ci,copy_d5,copy_d5_ci,copy_d30,copy_d30_ci,copy_d60,copy_d60_ci,price_move_5min
1000,all,1012199,0.0030081996228545904,-0.008618425474438595,-0.013..-0.004,-0.01301826692274382,-0.018..-0.009,-0.014689962640990884,-0.019..-0.010,-0.015260115547949128,-0.020..-0.010,-0.0012988150381195497
1000,pregame,359784,0.0033609303645789623,-0.012489004961149856,-0.022..-0.003,-0.014305381100638366,-0.025..-0.004,-0.014466581976176496,-0.026..-0.004,-0.01505151793072431,-0.026..-0.003,0.0028567841672461343
1000,in_play,652415,0.002650202251970768,-0.006395889550290052,-0.011..-0.002,-0.012342223956105115,-0.017..-0.008,-0.014806679637249912,-0.019..-0.010,-0.015369057731445528,-0.020..-0.011,-0.002366633143378792
10000,all,87012,0.0039729224517941475,-0.01071523715421892,-0.023..+0.001,-0.010757764145917234,-0.024..+0.002,-0.010732658324933482,-0.024..+0.002,-0.011007510362843875,-0.023..+0.002,-0.00015611213350856884
10000,pregame,45696,0.006204610224813223,-0.012602250623139348,-0.031..+0.007,-0.013924815459452483,-0.034..+0.006,-0.013619215862909428,-0.036..+0.008,-0.014502171566670451,-0.035..+0.006,0.0033710549431014932
10000,in_play,41316,7.846626249374822e-05,-0.008400045828527524,-0.020..+0.004,-0.006958693533743458,-0.019..+0.005,-0.007256298787300939,-0.020..+0.005,-0.006784659746212642,-0.019..+0.006,-0.004508876904262364
50000,all,10857,0.01253881212323904,-0.006060284103514582,-0.044..+0.032,-0.00785094217829729,-0.043..+0.031,-0.008028039543593468,-0.049..+0.031,-0.009517598768157037,-0.050..+0.029,0.002330654441970836
50000,pregame,7769,0.017149366438388824,-0.0015153323486563623,-0.049..+0.046,-0.0029350987704443105,-0.050..+0.047,-0.0021520901374555627,-0.051..+0.047,-0.003863561165557738,-0.053..+0.044,0.00351189133392159
50000,in_play,3088,-0.002097031334415078,-0.020049876093805187,-0.064..+0.022,-0.022926719442684474,-0.064..+0.022,-0.026189199215400565,-0.072..+0.015,-0.02700102211039445,-0.073..+0.015,-0.0012352723739061113
