dec,wallets,p1_z_median,p1_roi,p2_roi,p2_roi_net_fee,family
1,708.0,-1.8778403877695327,-0.10583952904119667,-0.007655006993957081,-0.012996486241255859,ALL
2,708.0,-1.187469736385339,-0.0774129758375899,0.020036556916782536,0.010003100818806976,ALL
3,707.0,-0.788133046658893,-0.05909544777109358,-0.016359776547933528,-0.023074370566418437,ALL
4,708.0,-0.4926152047441752,-0.03763665484584977,0.017993687815334062,0.013853514702593342,ALL
5,707.0,-0.21169013776203136,-0.015132108413914398,0.006822307652189559,0.0021220290151184214,ALL
6,708.0,0.058299906063749546,0.0054961253718649825,-0.0018251551494970599,-0.006810541592220851,ALL
7,707.0,0.3389994481689509,0.02340137239280649,0.010321526163366962,0.0060613643572103365,ALL
8,708.0,0.672047482995157,0.04366697709285045,0.015009049977136184,0.01054304838894814,ALL
9,707.0,1.1093014669515522,0.08752665972996812,-0.0027772453314294674,-0.007582909737048957,ALL
10,708.0,1.9303930520783918,0.07920306494918691,0.02532119813723994,0.018422136947697988,ALL
1,120.0,-1.6441468468328155,-0.1691411621739552,-0.003119557672180492,-0.0071382774364668776,soccer
2,119.0,-0.8869597049397133,-0.16955744826087288,0.016774077926718065,0.010218760093756338,soccer
3,120.0,-0.5107318009919376,-0.05239161190014384,0.001411478695765852,-0.0016654427165672082,soccer
4,119.0,-0.19882728956893225,-0.020293486493880318,0.011376041952184657,0.00556733875081219,soccer
5,120.0,0.07680207308101644,0.008778912009209295,0.024029875574879987,0.020767944174395047,soccer
6,119.0,0.364606251398467,0.049982203686538204,0.022854283515066163,0.013975514531899439,soccer
7,119.0,0.6495250359658821,0.06505907111495197,-0.01782925941630214,-0.02229304073303592,soccer
8,120.0,0.9929018454613949,0.039339281425592385,0.04315671468124983,0.03598641647136376,soccer
9,119.0,1.48167419507662,0.2116531714867997,0.04037403903388918,0.033121291795950886,soccer
10,120.0,2.3559108467086336,0.21780905987949012,0.07008741918157606,0.06179086036249071,soccer
1,23.0,-2.0543037290270014,-0.19447336601391452,0.0036321097630182767,-0.005417647155669803,tennis
2,23.0,-0.9744283706002682,-0.13644108515735978,-0.025978982876394854,-0.03210134082785933,tennis
3,22.0,-0.5449998099641795,-0.05425479691321933,0.011733997564528798,0.00744497572712877,tennis
4,23.0,-0.22494823238833964,-0.005384632679578884,0.015656983197576923,0.007624691546019808,tennis
5,22.0,-0.05311202588220991,-0.0029757888344595545,0.06955672457252401,0.05687859314405232,tennis
6,23.0,0.17551236908597143,0.026084694083422878,0.005164776450311377,-0.0017402376404830092,tennis
7,22.0,0.38883744267045595,0.03573037313043453,-0.03630657368536866,-0.03906138748736217,tennis
8,23.0,0.637045314731946,0.07306646793780745,-0.005272779685681938,-0.015375820629839776,tennis
9,22.0,1.0628944294411076,0.08169040830287073,0.0026112957853535947,-0.0021269624721484567,tennis
10,23.0,1.9584798610825598,0.2088310483890962,0.015133850382456092,0.000835634528698194,tennis
1,74.0,-1.8844698490291432,-0.17568764351737556,-0.005335184382488028,-0.01381554505065457,esports
2,74.0,-1.2160221643934825,-0.09182479560631779,-0.0021673629318021146,-0.008826640496154375,esports
3,74.0,-0.791800276483692,-0.08256793654143484,-0.017746140830796484,-0.026733869317937666,esports
4,73.0,-0.4703105578267623,-0.05216510865374151,-0.06975652719286697,-0.07429568280153927,esports
5,74.0,-0.17496684577387514,-0.014674736092157432,-0.010707003837695933,-0.017888231180823194,esports
6,74.0,0.1108823819932212,0.014771487183059914,-0.02337888867769643,-0.026868828924783456,esports
7,73.0,0.4160352571902535,0.042052774606877175,-0.043023764887667265,-0.04789846115293852,esports
8,74.0,0.7649725913319831,0.0640008514109744,-0.0058607185537942995,-0.013194833080988034,esports
9,74.0,1.2264935770111136,0.07949511364691926,0.011922666161458026,0.003019762445462325,esports
10,74.0,1.989652188447936,0.15596355070606135,0.029996282842220202,0.021848179892992776,esports
1,224.0,-2.000516278106448,-0.12472208259485537,-0.003360401566523545,-0.0054201614422348604,basketball
2,223.0,-1.204822873653882,-0.0817291465770291,0.006403347122773166,0.003356708928721471,basketball
3,223.0,-0.7985612475879995,-0.0608409178832826,0.007238007227527074,0.00522224844148818,basketball
4,223.0,-0.4668981468797686,-0.039024450291818634,-0.022508252158904198,-0.02377386979846918,basketball
5,223.0,-0.19737531585702908,-0.0168053843653547,0.013341674969656981,0.011514513927797483,basketball
6,223.0,0.05595178194303954,0.004150836060143334,0.11559766920710729,0.10964895246846128,basketball
7,223.0,0.32912270471185034,0.019988402772610905,-0.011456768353329302,-0.01398863923810149,basketball
8,223.0,0.6487988614772254,0.036385666107360944,0.014242617742422265,0.012127351614263995,basketball
9,223.0,1.1391593482595022,0.1080913924949886,-0.002085785563541252,-0.004651353517976418,basketball
10,223.0,1.8038689115572646,0.08218899836697484,0.012217018842445316,0.010688563540910237,basketball
1,16.0,-1.9835007408089247,-0.1525977353997634,-0.010264918613006872,-0.025079506790227038,baseball
2,16.0,-1.1251223799390342,-0.12835018510197707,-0.09903332738682807,-0.11335870840278203,baseball
3,15.0,-0.7599260951701701,-0.03080089312832553,-0.0599789324238857,-0.06861942530941291,baseball
4,16.0,-0.5243248434620889,-0.03570012912245434,0.009604512377008913,-0.0013421749149070186,baseball
5,16.0,-0.32917865776848954,-0.01600129077136659,0.07290799141870483,0.05811944737797896,baseball
6,15.0,-0.08662096843019697,-0.018985827891153346,-0.014066009000234223,-0.02937368756813008,baseball
7,16.0,0.06731789471424224,0.0015274900395647502,0.010379248614025007,0.0027299698381342313,baseball
8,15.0,0.3179958469093587,0.020227286763887634,0.08910196342410709,0.07616103954033895,baseball
9,16.0,0.6437603596396602,0.048605024882810134,0.06840044288700953,0.0550205242778489,baseball
10,16.0,1.83683300767807,0.08067945345566138,0.04051799186576881,0.025954358744807476,baseball
1,53.0,-1.7930334626044058,-0.1880229989635782,0.01474475976684675,0.014498221264116096,hockey
2,53.0,-1.1301133728850576,-0.13345447763110616,0.06244541439590376,0.061386709150632955,hockey
3,52.0,-0.7271971164467264,-0.10914372228336454,-0.045872174430379865,-0.046359823005678986,hockey
4,53.0,-0.4597864449580637,-0.05039847368104377,-0.041060873365351004,-0.0422739217751143,hockey
5,52.0,-0.16669600965200362,-0.017330248124683666,0.01541851893015006,0.014834473456680746,hockey
6,53.0,0.06255972637736965,0.010599996027017698,-0.06219129529191938,-0.06267234046268304,hockey
7,52.0,0.35194964476937185,0.04329892416415405,0.027735042617214566,0.027258422902655687,hockey
8,53.0,0.7252686329655993,0.12843487246275345,-0.024762119411068914,-0.027797927722923724,hockey
9,52.0,1.0599482873531678,0.10052239807488092,-0.06585320161175652,-0.06654984871824081,hockey
10,53.0,1.8231464429606283,0.1624269222478203,0.10574860119676671,0.1044769431549308,hockey
1,8.0,-1.81688147211552,-0.13729182030828466,0.013720339317468706,0.013431461372846284,american_football
2,8.0,-0.7237168367794455,-0.06736395049459198,-0.169341642647982,-0.18476419064197017,american_football
3,8.0,-0.38712312552798145,-0.03525456378942988,0.08975608981798383,0.0809560094908636,american_football
4,8.0,-0.12078857137233548,-0.005088645173489948,-0.010662128515235651,-0.01184384323715261,american_football
5,8.0,0.10539490034926446,0.00697572904866603,0.024831603569845,0.02436103812407633,american_football
6,8.0,0.20441716056777826,0.015419477468208449,-0.03631736167831129,-0.036403744176018604,american_football
7,8.0,0.5686659509986823,0.03403539423360312,0.015410579594229439,0.008663338229495771,american_football
8,8.0,0.9132823498109196,0.11767643431137187,0.17170992923792908,0.17104024448938251,american_football
9,8.0,1.4973142279221696,0.0904899280612053,0.018070963914593858,0.01770274162689815,american_football
10,8.0,2.3163789028045936,0.34676445087310104,-0.17148150705652881,-0.1754435076644156,american_football
1,7.0,-1.7202372488114852,-0.2724875010789227,0.09931807221320443,0.08981925924709347,mma_boxing
2,6.0,-0.9023555389521646,-0.240267884763625,-0.05886099269934818,-0.06413797669193672,mma_boxing
3,6.0,-0.34666402470198127,-0.08579113851147968,0.07906244002091452,0.06757114084913675,mma_boxing
4,6.0,-0.14612518608700703,-0.03266759452149788,0.027743252305881635,0.02394838413721782,mma_boxing
5,6.0,0.07176316799385318,0.01178122789959531,-0.11428946912414577,-0.1162496816601453,mma_boxing
6,6.0,0.25798516189975707,0.03907118328175314,-0.05588917487151521,-0.059235723426413894,mma_boxing
7,6.0,0.45615941180862835,0.11242814300997639,-0.10141807138444768,-0.10680660096345375,mma_boxing
8,6.0,0.6805323063242694,0.13192593915724504,0.028649992835845146,0.021366367643831995,mma_boxing
9,6.0,1.0729292005945297,0.17892401292301002,0.24443932150558542,0.2439552258890592,mma_boxing
10,6.0,1.8701528070238913,0.2617044962443975,0.006464031744767746,-0.0016491333701401758,mma_boxing
