model,period,rule,cost,signals,bets,unfilled,partial,roi,ci_lo,ci_hi,capital_usd,pnl_usd,win,avg_q,avg_fee_rate,first_print_usd,window_cap_usd,median_window_cap_usd
frozen_round1,dev,primary_thr0.04,fee,109,109,0,96.0,0.6419,-0.3319,1.9539,2381.569227082405,1528.8421593836197,0.3394495412844037,0.24839029357798165,0.018715596330275225,9477.2767292012,9477.2767292012,6.6
frozen_round1,dev,primary_thr0.04,fee_plus_1c,109,109,0,94.0,0.5175,-0.3499,1.6515,2419.945114422844,1252.322215032731,0.3394495412844037,0.24839029357798165,0.018715596330275225,9477.2767292012,9477.2767292012,6.6
frozen_round1,dev,a_thr0.03,fee,153,153,0,136.0,0.4859,-0.253,1.5121,3182.3062107963096,1546.4082283958019,0.3137254901960784,0.24601103267973862,0.019803921568627453,10540.821271062803,10540.821271062803,5.67
frozen_round1,dev,a_thr0.03,fee_plus_1c,153,153,0,134.0,0.3832,-0.2763,1.2732,3238.241878036887,1240.7987801977606,0.3137254901960784,0.24601103267973862,0.019803921568627453,10540.821271062803,10540.821271062803,5.67
frozen_round1,dev,a_thr0.06,fee,43,43,0,40.0,0.4982,-0.362,1.4697,758.1145437224749,377.6856651329342,0.4418604651162791,0.2520311395348837,0.01744186046511628,2373.5006697494696,2373.5006697494696,5.8
frozen_round1,dev,a_thr0.06,fee_plus_1c,43,43,0,39.0,0.4424,-0.3777,1.3688,772.7107740142964,341.8643301920165,0.4418604651162791,0.2520311395348837,0.01744186046511628,2373.5006697494696,2373.5006697494696,5.8
frozen_round1,dev,b_mirror_buyL_thr0.04,fee,376,376,0,305.0,0.031,-0.0792,0.1424,12890.236447505438,399.3087439792333,0.6835106382978723,0.6280050691489362,0.018271276595744682,95069.48923325827,95069.48923325827,13.71999984741211
frozen_round1,dev,b_mirror_buyL_thr0.04,fee_plus_1c,376,376,0,301.0,0.016,-0.0923,0.125,12982.146364754222,207.56252495754796,0.6835106382978723,0.6280050691489362,0.018271276595744682,95069.48923325827,95069.48923325827,13.71999984741211
frozen_round1,dev,d_placebo_buyT,fee,413,412,1,350.0,-0.2832,-0.471,-0.0771,11804.63876084961,-3342.8938079375307,0.24514563106796117,0.2911103373786408,0.019150485436893204,100772.05116829464,100772.05116829464,9.999998168945313
frozen_round1,dev,d_placebo_buyT,fee_plus_1c,413,412,1,344.0,-0.309,-0.4875,-0.1116,12025.154716001824,-3716.148810872242,0.24514563106796117,0.2911103373786408,0.019150485436893204,100772.05116829464,100772.05116829464,9.999998168945313
frozen_round1,dev,d_placebo_mirror_buyL,fee,16,16,0,14.0,-0.1454,-0.8341,0.3884,374.26704208167274,-54.40596773889955,0.5,0.5808166875,0.016875,1358.731194924019,1358.731194924019,8.444998683929445
frozen_round1,dev,d_placebo_mirror_buyL,fee_plus_1c,16,16,0,14.0,-0.1575,-0.8359,0.3659,377.4965212586564,-59.44967181711249,0.5,0.5808166875,0.016875,1358.731194924019,1358.731194924019,8.444998683929445
frozen_round1,dev,x_crossfit_primary,fee,103,103,0,91.0,0.1843,-0.7543,1.6863,2204.574779856123,406.31598172068874,0.21359223300970873,0.25189227184466023,0.02097087378640776,5543.363573695493,5543.363573695493,5.8
frozen_round1,dev,x_crossfit_primary,fee_plus_1c,103,103,0,89.0,0.0695,-0.7607,1.3496,2240.054203695148,155.60680146332925,0.21359223300970873,0.25189227184466023,0.02097087378640776,5543.363573695493,5543.363573695493,5.8
frozen_round1,dev,x_crossfit_mirror,fee,381,381,0,309.0,-0.0106,-0.1223,0.1011,12956.787680794023,-137.05869999331068,0.6614173228346457,0.6368443648293963,0.01811023622047244,96037.0253392809,96037.0253392809,14.6
frozen_round1,dev,x_crossfit_mirror,fee_plus_1c,381,381,0,305.0,-0.0247,-0.1347,0.0853,13046.925822587777,-322.116886118602,0.6614173228346457,0.6368443648293963,0.01811023622047244,96037.0253392809,96037.0253392809,14.6
frozen_round1,dev,x_all_trailers_no_signal,fee,1199,1197,2,1079.0,-0.1964,-0.3482,-0.0181,26204.528602961822,-5146.382115014447,0.21804511278195488,0.2514806215538847,0.019498746867167918,127737.69104016424,127737.69104016424,6.100002
frozen_round1,dev,x_all_trailers_no_signal,fee_plus_1c,1199,1197,2,1063.0,-0.2339,-0.3758,-0.0729,26881.387803247217,-6288.847355824002,0.21804511278195488,0.2514806215538847,0.019498746867167918,127737.69104016424,127737.69104016424,6.100002
frozen_round1,dev,x_all_leaders_no_signal,fee,1199,1198,1,948.0,0.0267,-0.0189,0.0721,43732.50452591955,1169.2801902388333,0.7821368948247078,0.7600627729549249,0.01950751252086811,242021.67227126393,242021.67227126393,16.342105808258058
frozen_round1,dev,x_all_leaders_no_signal,fee_plus_1c,1199,1196,3,936.0,0.0138,-0.0313,0.0583,43775.13304382201,604.6971049786321,0.7817725752508361,0.7596765903010034,0.019489966555183945,241411.57466762626,241411.57466762626,16.273660278320314
frozen_round1,dev,s_primary_entry_next_print_nocap,fee,109,109,0,96.0,0.6419,-0.3319,1.9539,2381.569227082405,1528.8421593836197,0.3394495412844037,0.24839029357798165,0.018715596330275225,9477.2767292012,9477.2767292012,6.6
frozen_round1,dev,s_primary_entry_next_print_nocap,fee_plus_1c,109,109,0,94.0,0.5175,-0.3499,1.6515,2419.945114422844,1252.322215032731,0.3394495412844037,0.24839029357798165,0.018715596330275225,9477.2767292012,9477.2767292012,6.6
frozen_round1,dev,s_primary_entry_quote_all,fee,109,0,109,0.0,,,,0.0,0.0,,,,0.0,0.0,
frozen_round1,dev,s_primary_entry_quote_all,fee_plus_1c,109,0,109,0.0,,,,0.0,0.0,,,,0.0,0.0,
frozen_round1,dev,s_mirror_entry_next_print_nocap,fee,376,376,0,305.0,0.031,-0.0792,0.1424,12890.236447505438,399.3087439792333,0.6835106382978723,0.6280050691489362,0.018271276595744682,95069.48923325827,95069.48923325827,13.71999984741211
frozen_round1,dev,s_mirror_entry_next_print_nocap,fee_plus_1c,376,376,0,301.0,0.016,-0.0923,0.125,12982.146364754222,207.56252495754796,0.6835106382978723,0.6280050691489362,0.018271276595744682,95069.48923325827,95069.48923325827,13.71999984741211
frozen_round1,dev,s_mirror_entry_quote_all,fee,376,0,376,0.0,,,,0.0,0.0,,,,0.0,0.0,
frozen_round1,dev,s_mirror_entry_quote_all,fee_plus_1c,376,0,376,0.0,,,,0.0,0.0,,,,0.0,0.0,
frozen_round1,holdout,primary_thr0.04,fee,60,59,1,53.0,-0.1787,-0.7348,0.4613,1235.6862356366253,-220.84230643673303,0.22033898305084745,0.21796906779661016,0.04796610169491524,9077.596051775548,9077.596051775548,6.8699994564056395
frozen_round1,holdout,primary_thr0.04,fee_plus_1c,60,59,1,53.0,-0.2137,-0.7401,0.4006,1269.3815566256676,-271.3256135480677,0.22033898305084745,0.21796906779661016,0.04796610169491524,9077.596051775548,9077.596051775548,6.8699994564056395
frozen_round1,holdout,a_thr0.03,fee,82,81,1,74.0,0.2413,-0.3706,0.917,1533.448879584604,369.9562650734346,0.25925925925925924,0.20591066666666671,0.04802469135802469,9515.598346243783,9515.598346243783,5.94
frozen_round1,holdout,a_thr0.03,fee_plus_1c,82,81,1,74.0,0.1858,-0.3981,0.8345,1578.619224659642,293.3481322364918,0.25925925925925924,0.20591066666666671,0.04802469135802469,9515.598346243783,9515.598346243783,5.94
frozen_round1,holdout,a_thr0.06,fee,22,21,1,21.0,0.5748,-0.5553,1.8714,136.9242350010014,78.70916114768025,0.3333333333333333,0.19381833333333334,0.04809523809523811,132.01338698791503,132.01338698791503,4.9999996948242185
frozen_round1,holdout,a_thr0.06,fee_plus_1c,22,21,1,21.0,0.4969,-0.5761,1.7359,144.05366478309566,71.579731365586,0.3333333333333333,0.19381833333333334,0.04809523809523811,132.01338698791503,132.01338698791503,4.9999996948242185
frozen_round1,holdout,b_mirror_buyL_thr0.04,fee,225,225,0,200.0,0.0425,-0.1358,0.2126,6007.606390369952,255.4310085523545,0.6533333333333333,0.6135832399999999,0.04813333333333334,21718.473690196148,21718.473690196148,9.999999618530273
frozen_round1,holdout,b_mirror_buyL_thr0.04,fee_plus_1c,225,225,0,200.0,0.0242,-0.1499,0.1904,6064.604099380367,146.92804819813304,0.6533333333333333,0.6135832399999999,0.04813333333333334,21718.473690196148,21718.473690196148,9.999999618530273
frozen_round1,holdout,d_placebo_buyT,fee,246,245,1,219.0,-0.3178,-0.584,-0.0001,5511.564659253529,-1751.6900114316522,0.24489795918367346,0.2956821346938776,0.04885714285714287,22717.397305840885,22717.397305840885,6.8699994564056395
frozen_round1,holdout,d_placebo_buyT,fee_plus_1c,246,245,1,219.0,-0.3393,-0.5948,-0.0353,5632.179873473135,-1911.1406374734152,0.24489795918367346,0.2956821346938776,0.04885714285714287,22717.397305840885,22717.397305840885,6.8699994564056395
frozen_round1,holdout,d_placebo_mirror_buyL,fee,12,12,0,11.0,-0.1601,-0.6964,0.2698,348.8609326052232,-55.855421708174624,0.5,0.5994569166666667,0.04666666666666667,345.2425373918304,345.2425373918304,12.625
frozen_round1,holdout,d_placebo_mirror_buyL,fee_plus_1c,12,12,0,11.0,-0.1746,-0.7032,0.2534,353.4961341030286,-61.70667646637855,0.5,0.5994569166666667,0.04666666666666667,345.2425373918304,345.2425373918304,12.625
frozen_round1,holdout,x_crossfit_primary,fee,0,0,0,,,,,,,,,,,,
frozen_round1,holdout,x_crossfit_primary,fee_plus_1c,0,0,0,,,,,,,,,,,,
frozen_round1,holdout,x_crossfit_mirror,fee,0,0,0,,,,,,,,,,,,
frozen_round1,holdout,x_crossfit_mirror,fee_plus_1c,0,0,0,,,,,,,,,,,,
frozen_round1,holdout,x_all_trailers_no_signal,fee,668,664,4,593.0,-0.2485,-0.4284,-0.0587,15306.246180214517,-3803.749518171833,0.24096385542168675,0.26105302259036145,0.048554216867469885,49555.12932838875,49555.12932838875,6.1926000213623045
frozen_round1,holdout,x_all_trailers_no_signal,fee_plus_1c,668,663,5,586.0,-0.2773,-0.4508,-0.0872,15625.52268350833,-4332.806427933277,0.2398190045248869,0.2599429969834087,0.04855203619909502,49500.70309823663,49500.70309823663,6.18520004272461
frozen_round1,holdout,x_all_leaders_no_signal,fee,668,664,4,556.0,-0.0198,-0.0922,0.0458,21441.26710374237,-425.27639887771886,0.7590361445783133,0.7494145903614458,0.0485843373493976,120100.88875884606,120100.88875884606,14.47895040512085
frozen_round1,holdout,x_all_leaders_no_signal,fee_plus_1c,668,662,6,554.0,-0.0327,-0.1013,0.0315,21571.512366456755,-705.4362382502986,0.7583081570996979,0.7486817039274924,0.04858006042296072,120090.94275983908,120090.94275983908,14.59575029373169
frozen_round1,holdout,s_primary_entry_next_print_nocap,fee,60,60,0,54.0,-0.1686,-0.7125,0.4939,1237.7722354774762,-208.64259308178316,0.23333333333333334,0.21666958333333333,0.04799999999999998,9079.59605162296,9079.59605162296,6.40499972820282
frozen_round1,holdout,s_primary_entry_next_print_nocap,fee_plus_1c,60,60,0,54.0,-0.2039,-0.7219,0.4271,1271.615485026661,-259.27382875326026,0.23333333333333334,0.21666958333333333,0.04799999999999998,9079.59605162296,9079.59605162296,6.40499972820282
frozen_round1,holdout,s_primary_entry_quote_all,fee,60,0,60,0.0,,,,0.0,0.0,,,,0.0,0.0,
frozen_round1,holdout,s_primary_entry_quote_all,fee_plus_1c,60,0,60,0.0,,,,0.0,0.0,,,,0.0,0.0,
frozen_round1,holdout,s_mirror_entry_next_print_nocap,fee,225,225,0,200.0,0.0425,-0.1358,0.2126,6007.606390369952,255.4310085523545,0.6533333333333333,0.6135832399999999,0.04813333333333334,21718.473690196148,21718.473690196148,9.999999618530273
frozen_round1,holdout,s_mirror_entry_next_print_nocap,fee_plus_1c,225,225,0,200.0,0.0242,-0.1499,0.1904,6064.604099380367,146.92804819813304,0.6533333333333333,0.6135832399999999,0.04813333333333334,21718.473690196148,21718.473690196148,9.999999618530273
frozen_round1,holdout,s_mirror_entry_quote_all,fee,225,0,225,0.0,,,,0.0,0.0,,,,0.0,0.0,
frozen_round1,holdout,s_mirror_entry_quote_all,fee_plus_1c,225,0,225,0.0,,,,0.0,0.0,,,,0.0,0.0,
exploratory_round2,dev,primary,fee,89,89,0,79.0,1.0067,-0.1593,2.6142,1916.1088749001258,1928.912511699413,0.3595505617977528,0.24183401123595505,0.020898876404494383,8241.055418752683,8241.055418752683,5.67
exploratory_round2,dev,primary,fee_plus_1c,89,89,0,77.0,0.8532,-0.1859,2.2223,1946.2719131351562,1660.6054164539332,0.3595505617977528,0.24183401123595505,0.020898876404494383,8241.055418752683,8241.055418752683,5.67
exploratory_round2,dev,mirror,fee,380,380,0,306.0,0.0362,-0.0781,0.1456,13158.67056705863,476.60606246035684,0.6842105263157895,0.6290869394736842,0.01831578947368421,97490.85355424767,97490.85355424767,14.074949569702149
exploratory_round2,dev,mirror,fee_plus_1c,380,380,0,302.0,0.0211,-0.0912,0.1283,13249.939991822019,279.79732984756265,0.6842105263157895,0.6290869394736842,0.01831578947368421,97490.85355424767,97490.85355424767,14.074949569702149
exploratory_round2,holdout,primary,fee,53,52,1,48.0,0.3098,-0.4783,1.1544,965.6874457979078,299.1564834019845,0.2692307692307692,0.20407678846153846,0.0473076923076923,7595.642044886127,7595.642044886127,6.595
exploratory_round2,holdout,primary,fee_plus_1c,53,52,1,48.0,0.2533,-0.4962,1.0581,995.8019670170529,252.25397606054733,0.2692307692307692,0.20407678846153846,0.0473076923076923,7595.642044886127,7595.642044886127,6.595
exploratory_round2,holdout,mirror,fee,230,230,0,203.0,0.0526,-0.1159,0.2122,6275.583462323191,330.17451558218664,0.6608695652173913,0.6170675043478261,0.04817391304347827,23367.21051333769,23367.21051333769,10.324999847412109
exploratory_round2,holdout,mirror,fee_plus_1c,230,230,0,203.0,0.0344,-0.1305,0.19,6333.414607578125,217.66846278755253,0.6608695652173913,0.6170675043478261,0.04817391304347827,23367.21051333769,23367.21051333769,10.324999847412109
